Full_Name,ID,Age_2016,Tm_2016,IP_2016,G_2016,GS_2016,Wgs_2016,Lgs_2016,ND_2016,Wchp_2016,Ltuf_2016,Wtm_2016,Ltm_2016,tmW-L%_2016,Wlst_2016,Lsv_2016,CG_2016,SHO_2016,QS_2016,QS%_2016,GmScA_2016,Best_2016,Wrst_2016,BQR_2016,BQS_2016,sDR_2016,lDR_2016,RS/GS_2016,RS/IP_2016,IP/GS_2016,Pit/GS_2016,<80_2016,80-99_2016,100-119_2016,â‰¥120_2016,Max_2016,QS_2017,Player,Team_proj_2017,T_proj_2017,Age_proj_2017,G_proj_2017,GS_proj_2017,IP_proj_2017,K_proj_2017,BB_proj_2017,HR_proj_2017,H_proj_2017,R_proj_2017,ER_proj_2017,TBF_proj_2017,K%_proj_2017,BB%_proj_2017,BABIP_proj_2017,ERA_proj_2017,FIP_proj_2017,ERA-_proj_2017,FIP-_proj_2017,K/9_proj_2017,BB/9_proj_2017,HR/9_proj_2017,ERA+_proj_2017,zWAR_proj_2017
Tim Adleman,adlemti01,28.0,CIN,69.2,13.0,13.0,4.0,4.0,5.0,3.0,1.0,6.0,7.0,0.462,2.0,2.0,0.0,0.0,5.0,38%,51.4,65.0,40.0,3.0,1.0,0.0,5.0,4.8,5.2,5.4,85.0,4.0,8.0,1.0,0.0,101.0,7,Tim Adleman,Cincinnati Reds,R,29,27,19,111.7,82,37,18,116,63,59,488,16.8%,7.6%,0.285,4.76,4.97,113,116,6.61,2.98,1.45,84,0.4
Raul Alcantara,alcanra01,23.0,OAK,22.1,5.0,5.0,1.0,3.0,1.0,1.0,0.0,1.0,4.0,0.2,0.0,0.0,0.0,0.0,0.0,0%,40.2,54.0,22.0,4.0,0.0,0.0,5.0,4.2,4.3,4.5,76.0,3.0,1.0,1.0,0.0,104.0,0,Raul Alcantara,Oakland Athletics,R,24,25,25,114.7,69,29,19,131,70,65,504,13.7%,5.8%,0.29600000000000004,5.1,5.0,126,121,5.42,2.28,1.49,78,0.0
Chase Anderson,anderch01,28.0,MIL,151.2,31.0,30.0,9.0,11.0,10.0,7.0,1.0,12.0,18.0,0.4,5.0,3.0,0.0,0.0,6.0,20%,48.8,75.0,17.0,12.0,5.0,1.0,16.0,4.7,4.3,5.0,87.0,6.0,20.0,4.0,0.0,110.0,13,Chase Anderson,Milwaukee Brewers,R,29,27,27,139.7,113,46,22,147,77,72,612,18.5%,7.5%,0.293,4.64,4.69,108,108,7.28,2.96,1.42,88,1.1
Tyler Anderson,anderty01,26.0,COL,114.1,19.0,19.0,5.0,6.0,8.0,1.0,3.0,8.0,11.0,0.421,3.0,4.0,0.0,0.0,12.0,63%,53.1,71.0,28.0,12.0,5.0,0.0,10.0,4.8,3.4,6.0,94.0,1.0,12.0,6.0,0.0,107.0,5,Tyler Anderson,Colorado Rockies,L,27,22,22,113.7,89,39,15,122,58,54,502,17.7%,7.8%,0.302,4.28,4.47,87,99,7.05,3.09,1.19,110,2.3
Matt Andriese,andrima01,26.0,TBR,127.2,29.0,19.0,7.0,7.0,5.0,5.0,0.0,8.0,11.0,0.421,1.0,4.0,1.0,1.0,6.0,32%,48.5,88.0,17.0,11.0,5.0,2.0,11.0,3.6,4.0,5.5,87.0,6.0,10.0,3.0,0.0,106.0,6,Matt Andriese,Tampa Bay Rays,R,27,36,22,143.0,126,30,16,140,63,59,599,21.0%,5.0%,0.293,3.71,3.49,91,86,7.93,1.89,1.01,106,2.3
Chris Archer,archech01,27.0,TBR,201.1,33.0,33.0,9.0,19.0,5.0,0.0,7.0,10.0,23.0,0.303,3.0,1.0,0.0,0.0,19.0,58%,54.7,78.0,22.0,13.0,5.0,0.0,17.0,3.5,3.5,6.1,103.0,1.0,8.0,24.0,0.0,118.0,20,Chris Archer,Tampa Bay Rays,R,28,32,32,195.3,222,64,20,168,79,74,818,27.1%,7.8%,0.29100000000000004,3.41,3.21,84,79,10.23,2.95,0.92,116,4.1
Jake Arrieta,arrieja01,30.0,CHC,197.1,31.0,31.0,18.0,8.0,5.0,6.0,3.0,20.0,11.0,0.645,1.0,3.0,1.0,1.0,17.0,55%,59.4,89.0,21.0,13.0,6.0,0.0,19.0,6.0,6.1,6.4,101.0,0.0,12.0,19.0,0.0,119.0,16,Jake Arrieta,Chicago Cubs,R,31,30,30,188.0,187,58,17,148,67,63,770,24.3%,7.5%,0.261,3.02,3.36,73,81,8.95,2.78,0.81,130,4.4
Alec Asher,asheral01,24.0,PHI,27.2,5.0,5.0,2.0,1.0,2.0,1.0,1.0,2.0,3.0,0.4,1.0,0.0,0.0,0.0,3.0,60%,55.2,67.0,47.0,4.0,1.0,0.0,3.0,4.4,6.5,5.5,85.0,3.0,1.0,1.0,0.0,104.0,3,Alec Asher,Philadelphia Phillies,R,25,21,21,107.7,73,21,19,117,61,57,461,15.8%,4.6%,0.287,4.76,4.9,115,115,6.1,1.76,1.59,82,0.4
Trevor Bauer,bauertr01,25.0,CLE,190.0,35.0,28.0,10.0,8.0,10.0,4.0,2.0,16.0,12.0,0.5710000000000001,1.0,4.0,1.0,0.0,16.0,57%,51.7,86.0,8.0,24.0,5.0,0.0,10.0,4.5,4.2,6.2,100.0,2.0,9.0,17.0,0.0,116.0,15,Trevor Bauer,Cleveland Indians,R,26,32,28,177.3,171,68,22,170,89,83,770,22.2%,8.8%,0.295,4.21,4.04,98,95,8.68,3.45,1.12,95,2.0
Christian Bergman,bergmch01,28.0,COL,24.2,15.0,1.0,0.0,1.0,0.0,0.0,0.0,0.0,1.0,0.0,0.0,0.0,0.0,0.0,0.0,0%,57.0,57.0,57.0,6.0,5.0,0.0,1.0,2.0,0.0,5.0,67.0,1.0,0.0,0.0,0.0,67.0,3,Christian Bergman,Seattle Mariners,R,29,26,13,88.3,60,20,14,101,50,47,386,15.5%,5.2%,0.3,4.79,4.52,119,110,6.12,2.04,1.43,80,0.0
Jose Berrios,berrijo01,22.0,MIN,58.1,14.0,14.0,3.0,7.0,4.0,2.0,0.0,3.0,11.0,0.214,0.0,3.0,0.0,0.0,1.0,7%,38.6,57.0,15.0,10.0,5.0,0.0,9.0,4.7,5.2,4.2,82.0,5.0,9.0,0.0,0.0,99.0,12,Jose Berrios,Minnesota Twins,R,23,25,25,137.7,118,41,18,146,73,68,600,19.7%,6.8%,0.308,4.45,4.14,104,97,7.71,2.68,1.18,93,1.6
Chad Bettis,bettich01,27.0,COL,186.0,32.0,32.0,14.0,8.0,10.0,1.0,0.0,21.0,11.0,0.6559999999999999,4.0,5.0,1.0,1.0,17.0,53%,47.7,90.0,15.0,22.0,5.0,0.0,16.0,5.9,5.8,5.8,95.0,3.0,15.0,14.0,0.0,114.0,3,Chad Bettis,Colorado Rockies,R,28,29,29,167.3,127,54,21,183,87,81,739,17.2%,7.3%,0.305,4.36,4.3,88,96,6.83,2.9,1.13,108,3.2
Ty Blach,blachty01,25.0,SFG,17.0,4.0,2.0,1.0,0.0,1.0,0.0,0.0,1.0,1.0,0.5,0.0,0.0,0.0,0.0,1.0,50%,62.0,81.0,43.0,0.0,0.0,1.0,1.0,3.2,4.9,5.5,88.0,1.0,1.0,0.0,0.0,99.0,13,Ty Blach,San Francisco Giants,L,26,27,26,151.7,94,40,16,163,77,72,658,14.3%,6.1%,0.293,4.27,4.23,108,107,5.58,2.37,0.95,88,0.9
Aaron Blair,blairaa01,24.0,ATL,70.0,15.0,15.0,2.0,7.0,6.0,0.0,0.0,4.0,11.0,0.267,1.0,4.0,0.0,0.0,4.0,27%,39.5,65.0,0.0,12.0,5.0,0.0,9.0,4.4,3.0,4.7,81.0,4.0,10.0,1.0,0.0,103.0,0,A.A. Ron Blair,Atlanta Braves,R,25,26,26,139.3,126,60,19,142,79,74,620,20.3%,9.7%,0.303,4.78,4.59,116,114,8.14,3.88,1.23,82,0.5
Mike Bolsinger,bolsimi01,28.0,LAD,27.2,6.0,6.0,1.0,4.0,1.0,1.0,0.0,2.0,4.0,0.333,0.0,1.0,0.0,0.0,0.0,0%,42.5,60.0,19.0,6.0,2.0,0.0,4.0,4.0,3.3,4.6,78.0,3.0,3.0,0.0,0.0,85.0,0,Mike Bolsinger,Toronto Blue Jays,R,29,26,20,112.0,111,42,17,116,61,57,494,22.5%,8.5%,0.309,4.58,4.28,107,101,8.92,3.38,1.37,90,0.9
Matthew Boyd,boydma01,25.0,DET,97.1,20.0,18.0,6.0,5.0,7.0,2.0,1.0,10.0,8.0,0.556,1.0,4.0,0.0,0.0,6.0,33%,49.2,78.0,18.0,13.0,5.0,1.0,10.0,5.0,4.7,5.1,88.0,5.0,7.0,6.0,0.0,108.0,10,Matt Boyd,Detroit Tigers,L,26,26,25,134.7,111,43,20,141,73,68,588,18.9%,7.3%,0.297,4.54,4.5,107,106,7.42,2.87,1.34,91,1.3
Steven Brault,braulst01,24.0,PIT,33.1,8.0,7.0,0.0,3.0,4.0,0.0,1.0,2.0,5.0,0.28600000000000003,0.0,3.0,0.0,0.0,1.0,14%,45.6,57.0,30.0,6.0,1.0,0.0,5.0,3.2,2.5,4.5,84.0,2.0,4.0,1.0,0.0,106.0,1,Steven Brault,Pittsburgh Pirates,L,25,28,28,144.3,104,47,15,151,72,67,631,16.5%,7.4%,0.298,4.18,4.26,104,105,6.48,2.93,0.94,92,1.4
Clay Buchholz,buchhcl01,31.0,BOS,139.1,37.0,21.0,6.0,8.0,7.0,1.0,1.0,9.0,12.0,0.429,1.0,4.0,0.0,0.0,9.0,43%,47.4,74.0,26.0,15.0,7.0,1.0,9.0,4.6,4.0,5.6,90.0,4.0,14.0,3.0,0.0,106.0,0,Clay Buchholz,Boston Red Sox,R,32,27,20,126.7,98,40,16,133,66,62,553,17.7%,7.2%,0.298,4.41,4.27,100,102,6.96,2.84,1.14,96,1.3
Clay Buchholz,buchhcl01,31.0,BOS,139.1,37.0,21.0,6.0,8.0,7.0,1.0,1.0,9.0,12.0,0.429,1.0,4.0,0.0,0.0,9.0,43%,47.4,74.0,26.0,15.0,7.0,1.0,9.0,4.6,4.0,5.6,90.0,4.0,14.0,3.0,0.0,106.0,0,Clay Buchholz,Philadelphia Phillies,R,32,27,20,127.7,107,42,17,125,65,61,550,19.5%,7.6%,0.28600000000000003,4.3,4.35,104,102,7.54,2.96,1.2,91,1.1
Madison Bumgarner,bumgama01,26.0,SFG,226.2,34.0,34.0,15.0,9.0,10.0,3.0,6.0,20.0,14.0,0.588,8.0,1.0,4.0,1.0,25.0,74%,61.6,98.0,25.0,11.0,1.0,0.0,14.0,4.8,4.7,6.7,105.0,0.0,8.0,26.0,0.0,117.0,12,Madison Bumgarner,San Francisco Giants,L,27,32,32,211.7,227,44,22,179,71,66,858,26.5%,5.1%,0.281,2.81,3.09,71,78,9.65,1.87,0.94,134,5.5
Dylan Bundy,bundydy01,23.0,BAL,109.2,36.0,14.0,8.0,5.0,1.0,5.0,0.0,8.0,6.0,0.5710000000000001,0.0,0.0,0.0,0.0,3.0,21%,50.9,81.0,25.0,12.0,0.0,0.0,6.0,4.7,6.4,5.1,90.0,1.0,13.0,0.0,0.0,99.0,19,Dylan Bundy,Baltimore Orioles,R,24,19,19,109.3,108,36,13,104,48,45,468,23.1%,7.7%,0.298,3.7,3.75,86,86,8.89,2.96,1.07,110,2.1
Eddie Butler,butleed01,25.0,COL,64.0,17.0,9.0,2.0,4.0,3.0,1.0,1.0,2.0,7.0,0.222,0.0,3.0,0.0,0.0,3.0,33%,40.1,68.0,9.0,14.0,10.0,1.0,3.0,4.5,4.4,5.1,84.0,3.0,5.0,1.0,0.0,106.0,1,Eddie Butler,Colorado Rockies,R,26,27,23,133.0,71,50,22,165,88,82,614,11.6%,8.1%,0.308,5.55,5.49,113,122,4.8,3.38,1.49,85,0.7
Trevor Cahill,cahiltr01,28.0,CHC,65.2,50.0,1.0,1.0,0.0,0.0,1.0,0.0,1.0,0.0,1.0,0.0,0.0,0.0,0.0,0.0,0%,64.0,64.0,64.0,23.0,3.0,0.0,1.0,4.5,5.4,5.0,83.0,0.0,1.0,0.0,0.0,83.0,4,Trevor Cahill,Chicago Cubs,R,29,65,0,67.0,70,34,8,59,32,30,294,23.8%,11.6%,0.287,4.03,4.26,98,102,9.4,4.57,1.07,97,0.0
Matt Cain,cainma01,31.0,SFG,89.1,21.0,17.0,4.0,8.0,5.0,3.0,1.0,7.0,10.0,0.412,0.0,2.0,0.0,0.0,4.0,24%,44.2,69.0,14.0,11.0,5.0,0.0,10.0,4.7,3.8,4.9,87.0,4.0,9.0,4.0,0.0,111.0,6,Matt Cain,San Francisco Giants,R,32,19,17,92.7,69,31,13,98,50,47,407,16.9%,7.6%,0.294,4.56,4.65,115,117,6.7,3.01,1.26,82,0.1
Carlos Carrasco,carraca01,29.0,CLE,146.1,25.0,25.0,11.0,8.0,6.0,1.0,3.0,16.0,9.0,0.64,2.0,1.0,1.0,1.0,14.0,56%,56.0,85.0,10.0,12.0,2.0,0.0,10.0,5.0,5.0,5.9,90.0,3.0,13.0,9.0,0.0,117.0,19,Carlos Carrasco,Cleveland Indians,R,30,26,26,161.0,178,37,18,144,63,59,664,26.8%,5.6%,0.295,3.3,3.08,77,72,9.95,2.07,1.01,122,3.7
Andrew Cashner,cashnan01,29.0,TOT,132.0,28.0,27.0,5.0,11.0,11.0,2.0,4.0,11.0,16.0,0.407,7.0,3.0,0.0,0.0,10.0,37%,46.5,69.0,9.0,19.0,8.0,1.0,14.0,4.2,3.6,4.9,88.0,4.0,17.0,6.0,0.0,108.0,18,Andrew Cashner,Texas Rangers,R,30,25,25,133.0,106,48,19,146,76,71,593,17.9%,8.1%,0.306,4.8,4.52,110,106,7.17,3.25,1.29,88,0.9
Luis Cessa,cessalu01,24.0,NYY,70.1,17.0,9.0,2.0,4.0,3.0,0.0,1.0,5.0,4.0,0.556,1.0,2.0,0.0,0.0,5.0,56%,52.4,70.0,44.0,3.0,1.0,0.0,4.0,4.9,4.9,5.7,84.0,3.0,6.0,0.0,0.0,99.0,0,Luis Cessa,New York Yankees,R,25,26,22,126.7,97,38,24,139,80,75,557,17.4%,6.8%,0.293,5.33,5.08,125,116,6.89,2.7,1.7,76,-0.2
Tyler Chatwood,chatwty01,26.0,COL,158.0,27.0,27.0,12.0,9.0,6.0,1.0,0.0,15.0,12.0,0.556,2.0,4.0,0.0,0.0,14.0,52%,51.5,83.0,14.0,15.0,4.0,0.0,16.0,4.4,3.9,5.9,94.0,2.0,14.0,11.0,0.0,108.0,9,Tyler Chatwood,Colorado Rockies,R,27,17,17,91.0,68,38,11,94,46,43,405,16.8%,9.4%,0.29100000000000004,4.25,4.58,86,102,6.73,3.76,1.09,110,1.8
Mike Clevinger,clevimi01,25.0,CLE,53.0,17.0,10.0,1.0,3.0,6.0,1.0,0.0,4.0,6.0,0.4,1.0,1.0,0.0,0.0,0.0,0%,45.1,62.0,22.0,8.0,2.0,0.0,6.0,4.0,4.3,4.1,77.0,3.0,7.0,0.0,0.0,94.0,11,Mike Clevinger,Cleveland Indians,R,26,30,25,134.7,126,56,19,137,74,69,597,21.1%,9.4%,0.302,4.61,4.43,107,104,8.42,3.74,1.27,87,0.8
Alex Cobb,cobbal01,28.0,TBR,22.0,5.0,5.0,1.0,2.0,2.0,0.0,0.0,2.0,3.0,0.4,0.0,0.0,0.0,0.0,2.0,40%,37.0,67.0,9.0,4.0,1.0,0.0,5.0,6.3,5.7,4.4,77.0,2.0,3.0,0.0,0.0,93.0,15,Alex Cobb,Tampa Bay Rays,R,29,17,17,102.0,85,35,11,100,47,44,441,19.3%,7.9%,0.292,3.88,3.99,95,98,7.5,3.09,0.97,102,1.5
A.J. Cole,coleaj01,24.0,WSN,38.1,8.0,8.0,1.0,2.0,5.0,0.0,0.0,2.0,6.0,0.25,0.0,3.0,0.0,0.0,1.0,13%,48.8,65.0,37.0,1.0,0.0,0.0,5.0,3.8,3.1,4.8,84.0,4.0,2.0,2.0,0.0,112.0,3,A.J. Cole,Washington Nationals,R,25,26,25,136.0,114,42,24,140,75,70,590,19.3%,7.1%,0.28800000000000003,4.63,4.84,111,117,7.54,2.78,1.59,87,0.8
Gerrit Cole,colege01,25.0,PIT,116.0,21.0,21.0,7.0,10.0,4.0,1.0,3.0,8.0,13.0,0.381,2.0,2.0,1.0,0.0,11.0,52%,49.9,83.0,20.0,13.0,5.0,0.0,12.0,4.3,3.6,5.5,92.0,3.0,9.0,9.0,0.0,109.0,20,Gerrit Cole,Pittsburgh Pirates,R,26,27,27,159.3,146,41,14,155,65,61,674,21.7%,6.1%,0.303,3.45,3.38,86,84,8.25,2.32,0.79,111,3.1
Bartolo Colon,colonba01,43.0,NYM,191.2,34.0,33.0,15.0,8.0,10.0,4.0,2.0,20.0,13.0,0.606,2.0,5.0,0.0,0.0,19.0,58%,52.3,75.0,13.0,16.0,3.0,1.0,14.0,4.2,4.2,5.8,86.0,7.0,20.0,6.0,0.0,110.0,8,Bartolo Colon,Atlanta Braves,R,44,29,26,156.3,107,27,21,172,78,73,668,16.0%,4.0%,0.29600000000000004,4.2,4.06,102,100,6.16,1.55,1.21,94,1.6
Adam Conley,conlead01,26.0,MIA,133.1,25.0,25.0,8.0,6.0,11.0,3.0,0.0,14.0,11.0,0.56,3.0,2.0,0.0,0.0,9.0,36%,51.7,82.0,24.0,16.0,4.0,0.0,13.0,4.3,4.5,5.3,91.0,2.0,16.0,7.0,0.0,116.0,8,Adam Conley,Miami Marlins,L,27,23,22,121.0,101,50,12,116,58,54,529,19.1%,9.5%,0.29100000000000004,4.02,4.15,98,102,7.51,3.72,0.89,99,1.6
Jarred Cosart,cosarja01,26.0,TOT,57.0,13.0,13.0,0.0,4.0,9.0,0.0,0.0,3.0,10.0,0.231,1.0,4.0,0.0,0.0,1.0,8%,42.6,63.0,18.0,17.0,7.0,0.0,12.0,4.5,3.5,4.4,84.0,4.0,5.0,4.0,0.0,106.0,0,Jarred Cosart,San Diego Padres,R,27,24,24,120.0,81,61,14,125,72,67,546,14.8%,11.2%,0.28800000000000003,5.02,4.95,125,120,6.08,4.58,1.05,74,-0.4
Jharel Cotton,cottojh01,24.0,OAK,29.1,5.0,5.0,2.0,0.0,3.0,0.0,0.0,4.0,1.0,0.8,1.0,1.0,0.0,0.0,3.0,60%,59.8,72.0,43.0,1.0,0.0,0.0,5.0,5.5,5.4,5.9,88.0,2.0,1.0,2.0,0.0,103.0,6,Jharel Cotton,Oakland Athletics,R,25,23,23,138.7,136,48,16,133,66,62,597,22.8%,8.0%,0.299,4.02,3.81,100,92,8.83,3.12,1.04,98,1.9
Johnny Cueto,cuetojo01,30.0,SFG,219.2,32.0,32.0,18.0,5.0,9.0,3.0,2.0,23.0,9.0,0.7190000000000001,2.0,2.0,5.0,2.0,22.0,69%,60.0,89.0,32.0,12.0,2.0,0.0,14.0,4.8,4.4,6.9,103.0,1.0,10.0,21.0,0.0,119.0,12,Johnny Cueto,San Francisco Giants,R,31,30,30,207.7,182,48,18,186,75,70,857,21.2%,5.6%,0.28,3.03,3.37,76,85,7.89,2.08,0.78,124,4.7
Yu Darvish,darviyu01,29.0,TEX,100.1,17.0,17.0,7.0,5.0,5.0,2.0,2.0,10.0,7.0,0.588,2.0,0.0,0.0,0.0,11.0,65%,58.0,81.0,29.0,8.0,3.0,0.0,10.0,4.2,4.4,5.9,93.0,1.0,13.0,3.0,0.0,110.0,19,Yu Darvish,Texas Rangers,R,30,24,24,139.3,162,46,16,129,58,54,593,27.3%,7.8%,0.31,3.49,3.33,80,78,10.46,2.97,1.03,121,3.2
Jacob deGrom,degroja01,28.0,NYM,148.0,24.0,24.0,7.0,8.0,9.0,2.0,3.0,12.0,12.0,0.5,5.0,1.0,1.0,1.0,16.0,67%,56.7,91.0,13.0,11.0,3.0,0.0,14.0,3.5,3.3,6.2,98.0,1.0,10.0,13.0,0.0,117.0,21,Jacob deGrom,New York Mets,R,29,26,26,163.0,162,41,16,146,64,60,676,24.0%,6.1%,0.28600000000000003,3.31,3.27,84,78,8.94,2.26,0.88,113,3.2
Danny Duffy,duffyda01,27.0,KCR,179.2,42.0,26.0,12.0,3.0,11.0,1.0,1.0,17.0,9.0,0.654,3.0,6.0,1.0,0.0,16.0,62%,56.5,95.0,21.0,23.0,3.0,1.0,9.0,4.7,4.3,6.2,94.0,4.0,11.0,11.0,0.0,110.0,13,Danny Duffy,Kansas City Royals,L,28,29,29,167.7,155,48,20,158,70,65,709,21.9%,6.8%,0.28800000000000003,3.49,3.79,81,91,8.32,2.58,1.07,119,3.6
Zach Eflin,eflinza01,22.0,PHI,63.1,11.0,11.0,3.0,5.0,3.0,0.0,1.0,5.0,6.0,0.455,2.0,1.0,2.0,1.0,6.0,55%,45.5,87.0,5.0,4.0,1.0,0.0,5.0,5.0,3.8,5.8,90.0,2.0,6.0,3.0,0.0,102.0,5,Zach Eflin,Philadelphia Phillies,R,23,23,23,128.7,82,28,20,140,76,71,554,14.8%,5.1%,0.28600000000000003,4.97,4.68,120,110,5.74,1.96,1.4,79,0.1
Jerad Eickhoff,eickhje01,25.0,PHI,197.1,33.0,33.0,11.0,14.0,8.0,2.0,7.0,16.0,17.0,0.485,0.0,1.0,0.0,0.0,20.0,61%,53.9,78.0,21.0,14.0,4.0,0.0,16.0,3.7,3.6,6.0,92.0,4.0,20.0,9.0,0.0,109.0,8,Jerad Eickhoff,Philadelphia Phillies,R,26,31,31,184.3,169,45,26,178,86,80,776,21.8%,5.8%,0.287,3.91,4.0,95,94,8.25,2.2,1.27,100,2.7
Marco Estrada,estrama01,32.0,TOR,176.0,29.0,29.0,9.0,9.0,11.0,0.0,3.0,15.0,14.0,0.517,5.0,4.0,0.0,0.0,18.0,62%,57.0,80.0,24.0,9.0,3.0,0.0,16.0,4.0,3.2,6.1,98.0,2.0,13.0,14.0,0.0,118.0,17,Marco Estrada,Toronto Blue Jays,R,33,29,29,180.3,129,52,24,159,82,77,752,17.2%,6.9%,0.249,3.84,4.32,89,102,6.44,2.6,1.2,108,3.1
Buck Farmer,farmebu01,25.0,DET,29.1,14.0,1.0,0.0,1.0,0.0,0.0,0.0,0.0,1.0,0.0,0.0,0.0,0.0,0.0,0.0,0%,41.0,41.0,41.0,0.0,0.0,0.0,1.0,4.0,3.6,5.0,91.0,0.0,1.0,0.0,0.0,91.0,2,Buck Farmer,Detroit Tigers,R,26,30,21,121.0,96,46,22,135,78,73,544,17.6%,8.5%,0.303,5.43,5.17,128,122,7.14,3.42,1.64,76,-0.2
Scott Feldman,feldmsc01,33.0,TOT,77.0,40.0,5.0,1.0,2.0,2.0,1.0,0.0,1.0,4.0,0.2,0.0,2.0,0.0,0.0,1.0,20%,,61.0,30.0,14.0,4.0,1.0,2.0,4.3,4.1,4.9,89.0,2.0,1.0,2.0,0.0,103.0,9,Scott Feldman,Toronto Blue Jays,R,34,27,13,95.0,66,27,13,103,48,45,415,15.9%,6.5%,0.295,4.26,4.41,99,104,6.25,2.56,1.23,97,1.0
Scott Feldman,feldmsc01,33.0,TOT,77.0,40.0,5.0,1.0,2.0,2.0,1.0,0.0,1.0,4.0,0.2,0.0,2.0,0.0,0.0,1.0,20%,,61.0,30.0,14.0,4.0,1.0,2.0,4.3,4.1,4.9,89.0,2.0,1.0,2.0,0.0,103.0,9,Scott Feldman,Cincinnati Reds,R,34,22,22,129.0,83,37,20,141,74,69,565,14.7%,6.5%,0.28800000000000003,4.81,4.8,114,112,5.79,2.58,1.4,83,0.4
Mike Fiers,fiersmi01,31.0,HOU,168.2,31.0,30.0,11.0,8.0,11.0,5.0,4.0,18.0,12.0,0.6,3.0,4.0,0.0,0.0,14.0,47%,49.1,69.0,13.0,22.0,6.0,0.0,15.0,5.8,5.8,5.5,90.0,4.0,20.0,6.0,0.0,104.0,10,Mike Fiers,Houston Astros,R,32,28,26,153.0,130,41,21,153,77,72,653,19.9%,6.3%,0.29,4.24,4.07,103,98,7.65,2.41,1.24,95,1.7
Brandon Finnegan,finnebr01,23.0,CIN,172.0,31.0,31.0,10.0,11.0,10.0,5.0,3.0,12.0,19.0,0.387,5.0,3.0,1.0,0.0,15.0,48%,51.6,81.0,12.0,13.0,2.0,0.0,14.0,4.5,4.6,5.5,93.0,5.0,17.0,9.0,0.0,111.0,1,Brandon Finnegan,Cincinnati Reds,L,24,28,28,151.3,138,58,23,141,76,71,653,21.1%,8.9%,0.275,4.22,4.57,100,106,8.21,3.45,1.37,95,1.6
Doug Fister,fistedo01,32.0,HOU,180.1,32.0,32.0,12.0,13.0,7.0,3.0,3.0,16.0,16.0,0.5,3.0,2.0,0.0,0.0,16.0,50%,47.6,76.0,10.0,21.0,10.0,0.0,15.0,4.5,4.8,5.6,94.0,2.0,20.0,10.0,0.0,113.0,7,Doug Fister,Houston Astros,R,33,25,22,131.0,86,36,20,145,71,66,574,15.0%,6.3%,0.293,4.53,4.72,110,113,5.91,2.47,1.37,89,1.0
Mike Foltynewicz,foltymi01,24.0,ATL,123.1,22.0,22.0,9.0,5.0,8.0,3.0,0.0,11.0,11.0,0.5,3.0,3.0,0.0,0.0,9.0,41%,51.1,77.0,21.0,18.0,5.0,0.0,10.0,5.0,5.4,5.6,96.0,3.0,6.0,13.0,0.0,112.0,15,Mike Foltynewicz,Atlanta Braves,R,25,26,26,142.0,138,50,21,139,72,67,615,22.4%,8.1%,0.29600000000000004,4.25,4.35,103,107,8.75,3.17,1.33,93,1.4
Michael Fulmer,fulmemi01,23.0,DET,159.0,26.0,26.0,11.0,7.0,8.0,2.0,2.0,19.0,7.0,0.731,1.0,3.0,1.0,1.0,15.0,58%,56.7,88.0,25.0,16.0,1.0,0.0,14.0,5.4,4.6,6.1,95.0,2.0,15.0,9.0,0.0,112.0,18,Michael Fulmer,Detroit Tigers,R,24,27,27,152.3,131,43,19,149,70,65,649,20.2%,6.6%,0.29100000000000004,3.84,4.01,90,94,7.74,2.54,1.12,108,2.8
John Gant,gantjo01,23.0,ATL,50.0,20.0,7.0,1.0,3.0,3.0,0.0,0.0,3.0,4.0,0.429,0.0,3.0,0.0,0.0,1.0,14%,47.0,69.0,20.0,11.0,1.0,0.0,4.0,3.1,2.7,4.3,80.0,2.0,3.0,2.0,0.0,113.0,0,John Gant,Louis Cardinals,R,24,29,19,117.3,106,49,16,116,65,61,517,20.5%,9.5%,0.294,4.68,4.51,114,109,8.13,3.76,1.23,85,0.5
Matt Garza,garzama01,32.0,MIL,101.2,19.0,19.0,6.0,8.0,5.0,2.0,0.0,9.0,10.0,0.474,3.0,2.0,0.0,0.0,7.0,37%,45.6,73.0,19.0,9.0,3.0,0.0,10.0,4.9,4.4,5.4,90.0,1.0,13.0,5.0,0.0,103.0,6,Matt Garza,Milwaukee Brewers,R,33,22,22,121.3,85,41,18,133,73,68,538,15.8%,7.6%,0.294,5.04,4.75,117,110,6.31,3.04,1.34,81,0.3
Kevin Gausman,gausmke01,25.0,BAL,179.2,30.0,30.0,9.0,12.0,9.0,1.0,3.0,14.0,16.0,0.467,2.0,5.0,0.0,0.0,18.0,60%,54.0,80.0,22.0,7.0,1.0,0.0,9.0,3.6,3.6,6.0,104.0,2.0,6.0,21.0,1.0,120.0,15,Kevin Gausman,Baltimore Orioles,R,26,31,31,176.0,162,55,21,174,82,77,757,21.4%,7.3%,0.297,3.94,3.82,92,88,8.28,2.81,1.07,104,2.8
Dillon Gee,geedi01,30.0,KCR,125.0,33.0,14.0,4.0,8.0,2.0,2.0,0.0,5.0,9.0,0.35700000000000004,0.0,2.0,0.0,0.0,4.0,29%,44.1,69.0,25.0,16.0,6.0,2.0,6.0,4.5,4.0,5.2,87.0,3.0,10.0,1.0,0.0,101.0,1,Dillon Gee,Kansas City Royals,R,31,27,19,130.7,86,36,18,143,70,65,571,15.1%,6.3%,0.294,4.48,4.5,103,108,5.92,2.48,1.24,93,1.1
Dillon Gee,geedi01,30.0,KCR,125.0,33.0,14.0,4.0,8.0,2.0,2.0,0.0,5.0,9.0,0.35700000000000004,0.0,2.0,0.0,0.0,4.0,29%,44.1,69.0,25.0,16.0,6.0,2.0,6.0,4.5,4.0,5.2,87.0,3.0,10.0,1.0,0.0,101.0,1,Dillon Gee,Texas Rangers,R,31,27,19,129.0,87,36,20,148,74,69,571,15.2%,6.3%,0.303,4.81,4.7,110,111,6.07,2.51,1.4,87,0.8
Kyle Gibson,gibsoky01,28.0,MIN,147.1,25.0,25.0,6.0,11.0,8.0,1.0,1.0,12.0,13.0,0.48,2.0,3.0,1.0,0.0,8.0,32%,45.4,79.0,16.0,16.0,7.0,0.0,10.0,4.4,4.9,5.9,99.0,1.0,13.0,11.0,0.0,115.0,10,Kyle Gibson,Minnesota Twins,R,29,28,28,161.0,116,55,19,175,88,82,713,16.3%,7.7%,0.301,4.58,4.24,107,100,6.48,3.07,1.06,90,1.6
Lucas Giolito,giolilu01,21.0,WSN,21.1,6.0,4.0,0.0,1.0,3.0,0.0,0.0,1.0,3.0,0.25,0.0,0.0,0.0,0.0,0.0,0%,41.5,59.0,31.0,5.0,0.0,0.0,4.0,5.4,6.2,4.0,75.0,2.0,1.0,1.0,0.0,100.0,5,Lucas Giolito,Chicago White Sox,R,22,25,24,131.7,129,53,20,134,70,65,582,22.2%,9.1%,0.305,4.44,4.47,104,103,8.82,3.62,1.37,93,1.5
Lucas Giolito,giolilu01,21.0,WSN,21.1,6.0,4.0,0.0,1.0,3.0,0.0,0.0,1.0,3.0,0.25,0.0,0.0,0.0,0.0,0.0,0%,41.5,59.0,31.0,5.0,0.0,0.0,4.0,5.4,6.2,4.0,75.0,2.0,1.0,1.0,0.0,100.0,5,Lucas Giolito,Washington Nationals,R,22,20,20,136.0,124,49,17,130,65,61,587,21.1%,8.3%,0.28800000000000003,4.04,4.18,97,101,8.21,3.24,1.13,99,1.9
Tyler Glasnow,glasnty01,22.0,PIT,23.1,7.0,4.0,0.0,2.0,2.0,0.0,0.0,1.0,3.0,0.25,0.0,1.0,0.0,0.0,0.0,0%,47.3,61.0,35.0,7.0,3.0,0.0,3.0,3.9,3.1,4.1,77.0,3.0,1.0,0.0,0.0,87.0,3,Tyler Glasnow,Pittsburgh Pirates,R,23,27,25,122.3,146,69,11,102,52,49,538,27.1%,12.8%,0.298,3.6,3.83,90,95,10.74,5.08,0.81,106,2.1
Zack Godley,godleza01,26.0,ARI,74.2,27.0,9.0,4.0,3.0,2.0,2.0,0.0,5.0,4.0,0.556,1.0,3.0,0.0,0.0,3.0,33%,39.2,62.0,3.0,12.0,2.0,0.0,3.0,6.3,5.1,5.3,83.0,2.0,6.0,1.0,0.0,101.0,14,Zack Godley,Arizona Diamondbacks,R,27,66,0,74.7,70,30,10,74,37,35,328,21.3%,9.1%,0.299,4.22,4.34,96,103,8.43,3.61,1.2,99,0.2
Gio Gonzalez,gonzagi01,30.0,WSN,177.1,32.0,32.0,11.0,11.0,10.0,3.0,4.0,14.0,18.0,0.438,4.0,2.0,0.0,0.0,16.0,50%,50.2,75.0,23.0,30.0,10.0,0.0,11.0,4.3,4.6,5.5,97.0,2.0,12.0,18.0,0.0,116.0,22,Gio Gonzalez,Washington Nationals,L,31,29,29,163.3,156,58,15,157,75,70,705,22.1%,8.2%,0.302,3.86,3.61,93,87,8.6,3.2,0.83,104,2.6
Kendall Graveman,graveke01,25.0,OAK,186.0,31.0,31.0,10.0,11.0,10.0,0.0,3.0,14.0,17.0,0.452,5.0,5.0,2.0,1.0,16.0,52%,49.8,88.0,9.0,29.0,6.0,0.0,17.0,3.9,3.4,6.0,91.0,8.0,15.0,8.0,0.0,112.0,11,Kendall Graveman,Oakland Athletics,R,26,28,27,158.3,97,43,18,171,81,76,689,14.1%,6.2%,0.292,4.32,4.29,107,104,5.51,2.44,1.02,92,1.6
Sonny Gray,grayso01,26.0,OAK,117.0,22.0,22.0,5.0,11.0,6.0,0.0,3.0,7.0,15.0,0.318,2.0,2.0,0.0,0.0,10.0,45%,45.3,68.0,17.0,12.0,4.0,0.0,10.0,3.8,4.1,5.3,89.0,6.0,9.0,7.0,0.0,114.0,17,Sonny Gray,Oakland Athletics,R,27,26,26,159.3,137,52,17,155,75,70,685,20.0%,7.6%,0.29,3.95,3.81,98,92,7.74,2.94,0.96,100,2.3
Zack Greinke,greinza01,32.0,ARI,158.2,26.0,26.0,13.0,7.0,6.0,2.0,2.0,16.0,10.0,0.615,3.0,2.0,1.0,1.0,16.0,62%,51.7,81.0,2.0,6.0,2.0,0.0,10.0,4.5,4.8,6.1,96.0,2.0,10.0,14.0,0.0,119.0,19,Zack Greinke,Arizona Diamondbacks,R,33,28,28,172.3,153,40,22,163,74,69,720,21.3%,5.6%,0.28,3.6,3.77,82,89,7.99,2.09,1.15,116,3.6
A.J. Griffin,griffaj01,28.0,TEX,119.0,23.0,23.0,7.0,4.0,12.0,3.0,0.0,16.0,7.0,0.696,1.0,6.0,0.0,0.0,6.0,26%,48.6,74.0,20.0,16.0,5.0,0.0,13.0,5.6,5.2,5.2,90.0,5.0,13.0,5.0,0.0,108.0,4,A.J. Griffin,Texas Rangers,R,29,21,21,109.7,93,37,20,113,62,58,479,19.4%,7.7%,0.287,4.76,4.9,109,115,7.63,3.04,1.64,88,0.8
Robert Gsellman,gsellro01,22.0,NYM,44.2,8.0,7.0,3.0,2.0,2.0,0.0,0.0,4.0,3.0,0.5710000000000001,0.0,1.0,0.0,0.0,3.0,43%,56.7,77.0,41.0,7.0,4.0,0.0,3.0,5.3,2.6,5.9,91.0,1.0,5.0,1.0,0.0,107.0,8,Robert Gsellman,New York Mets,R,23,28,28,155.0,124,47,18,153,76,71,665,18.6%,7.1%,0.287,4.12,4.08,104,98,7.2,2.73,1.05,91,1.4
Jesse Hahn,hahnje01,26.0,OAK,46.1,9.0,9.0,2.0,4.0,3.0,0.0,0.0,5.0,4.0,0.556,2.0,0.0,0.0,0.0,4.0,44%,41.7,71.0,11.0,11.0,3.0,0.0,7.0,4.7,4.0,5.1,79.0,3.0,6.0,0.0,0.0,95.0,6,Jesse Hahn,Oakland Athletics,R,27,22,21,105.3,71,44,12,112,60,56,472,15.0%,9.3%,0.294,4.78,4.61,118,112,6.07,3.76,1.03,83,0.4
Cole Hamels,hamelco01,32.0,TEX,200.2,32.0,32.0,15.0,5.0,12.0,1.0,2.0,24.0,8.0,0.75,1.0,8.0,0.0,0.0,22.0,69%,55.7,86.0,14.0,22.0,2.0,0.0,14.0,5.2,4.3,6.3,102.0,1.0,11.0,19.0,1.0,123.0,14,Cole Hamels,Texas Rangers,L,33,30,30,190.7,177,61,23,187,82,77,820,21.6%,7.4%,0.298,3.63,3.87,83,91,8.35,2.88,1.09,116,4.1
Jason Hammel,hammeja01,33.0,CHC,166.2,30.0,30.0,15.0,10.0,5.0,2.0,1.0,17.0,13.0,0.5670000000000001,1.0,3.0,0.0,0.0,16.0,53%,53.2,77.0,5.0,14.0,1.0,1.0,18.0,4.6,4.1,5.6,87.0,5.0,18.0,7.0,0.0,110.0,14,Jason Hammel,Chicago Cubs,R,34,26,26,145.3,128,42,21,136,71,66,614,20.9%,6.8%,0.277,4.09,4.29,99,103,7.93,2.6,1.3,96,1.5
J.A. Happ,happja01,33.0,TOR,195.0,32.0,32.0,20.0,4.0,8.0,6.0,1.0,24.0,8.0,0.75,4.0,1.0,0.0,0.0,21.0,66%,56.3,75.0,11.0,22.0,8.0,0.0,15.0,6.3,6.1,6.1,95.0,1.0,21.0,10.0,0.0,111.0,14,J.A. Happ,Toronto Blue Jays,L,34,28,27,154.7,137,46,20,150,73,68,660,20.8%,7.0%,0.28600000000000003,3.96,3.95,92,93,7.97,2.68,1.16,104,2.5
Matt Harvey,harvema01,27.0,NYM,92.2,17.0,17.0,4.0,10.0,3.0,1.0,2.0,6.0,11.0,0.353,1.0,1.0,0.0,0.0,7.0,41%,46.8,78.0,12.0,12.0,2.0,0.0,11.0,2.8,2.2,5.5,89.0,3.0,8.0,6.0,0.0,104.0,4,Matt Harvey,New York Mets,R,28,23,23,141.0,112,45,13,127,64,60,595,18.8%,7.6%,0.271,3.83,3.8,97,91,7.15,2.87,0.83,98,1.8
Andrew Heaney,heanean01,25.0,LAA,6.0,1.0,1.0,0.0,1.0,0.0,0.0,0.0,0.0,1.0,0.0,0.0,0.0,0.0,0.0,0.0,0%,49.0,49.0,49.0,0.0,0.0,0.0,1.0,1.0,0.0,6.0,87.0,0.0,1.0,0.0,0.0,87.0,1,Andrew Heaney,Los Angeles Angels,L,26,23,23,136.7,110,38,15,138,63,59,586,18.8%,6.5%,0.29600000000000004,3.89,3.91,97,96,7.24,2.5,0.99,99,1.8
Jeremy Hellickson,hellije01,29.0,PHI,189.0,32.0,32.0,12.0,10.0,10.0,2.0,3.0,17.0,15.0,0.531,2.0,5.0,1.0,1.0,17.0,53%,53.8,86.0,23.0,10.0,3.0,0.0,15.0,3.8,3.6,5.9,91.0,7.0,16.0,9.0,0.0,110.0,13,Jeremy Hellickson,Philadelphia Phillies,R,30,26,26,142.0,120,38,20,143,72,67,607,19.8%,6.3%,0.29,4.25,4.21,103,99,7.61,2.41,1.27,92,1.4
Kyle Hendricks,hendrky01,26.0,CHC,190.0,31.0,30.0,16.0,8.0,6.0,1.0,2.0,19.0,11.0,0.633,2.0,2.0,2.0,1.0,20.0,67%,61.2,81.0,41.0,13.0,5.0,0.0,21.0,4.8,4.5,6.3,95.0,1.0,19.0,9.0,1.0,123.0,14,Kyle Hendricks,Chicago Cubs,R,27,31,30,182.0,157,41,18,161,70,65,748,21.0%,5.5%,0.273,3.21,3.51,78,84,7.76,2.03,0.89,122,3.8
Rich Hill,hillri01,36.0,TOT,110.1,20.0,20.0,12.0,5.0,3.0,1.0,1.0,12.0,8.0,0.6,1.0,0.0,0.0,0.0,13.0,65%,61.5,86.0,36.0,7.0,1.0,0.0,12.0,4.1,4.4,5.5,95.0,2.0,7.0,10.0,0.0,112.0,9,Rich Hill,Los Angeles Dodgers,L,37,17,17,95.0,104,35,10,78,36,34,398,26.1%,8.8%,0.28,3.22,3.66,81,90,9.85,3.32,0.95,118,2.0
Derek Holland,hollade01,29.0,TEX,107.1,22.0,20.0,7.0,9.0,4.0,1.0,4.0,10.0,10.0,0.5,0.0,3.0,0.0,0.0,10.0,50%,46.4,68.0,-11.0,12.0,3.0,0.0,11.0,4.9,4.5,5.3,90.0,4.0,12.0,4.0,0.0,110.0,12,Derek Holland,Chicago White Sox,L,30,19,17,88.7,67,30,14,95,51,48,391,17.1%,7.7%,0.292,4.87,4.7,115,108,6.8,3.04,1.42,85,0.5
Phil Hughes,hugheph01,30.0,MIN,59.0,12.0,11.0,1.0,7.0,3.0,0.0,4.0,3.0,8.0,0.273,2.0,1.0,1.0,0.0,6.0,55%,42.8,64.0,19.0,5.0,2.0,0.0,6.0,3.0,3.0,5.2,81.0,4.0,7.0,0.0,0.0,96.0,3,Phil Hughes,Minnesota Twins,R,31,19,18,109.0,81,15,15,122,56,52,464,17.5%,3.2%,0.305,4.29,3.88,100,91,6.69,1.24,1.24,96,1.5
Hisashi Iwakuma,iwakuhi01,35.0,SEA,199.0,33.0,33.0,16.0,12.0,5.0,4.0,5.0,19.0,14.0,0.5760000000000001,1.0,3.0,0.0,0.0,19.0,58%,50.7,80.0,24.0,15.0,4.0,0.0,16.0,5.1,4.8,6.0,90.0,5.0,24.0,4.0,0.0,102.0,2,Hisashi Iwakuma,Seattle Mariners,R,36,25,25,148.7,120,28,20,154,73,68,628,19.1%,4.5%,0.293,4.12,3.83,102,93,7.26,1.69,1.21,93,1.6
Edwin Jackson,jacksed01,32.0,TOT,84.0,21.0,13.0,5.0,6.0,2.0,0.0,0.0,5.0,8.0,0.385,0.0,1.0,0.0,0.0,7.0,54%,,78.0,12.0,2.0,0.0,0.0,12.0,3.3,4.0,5.6,93.0,2.0,6.0,5.0,0.0,108.0,7,Edwin Jackson,San Diego Padres,R,33,25,22,118.3,82,49,16,127,73,68,531,15.4%,9.2%,0.29100000000000004,5.17,4.8,129,116,6.24,3.73,1.22,72,-0.6
Ubaldo Jimenez,jimenub01,32.0,BAL,142.1,29.0,25.0,8.0,11.0,6.0,2.0,2.0,13.0,12.0,0.52,3.0,4.0,1.0,0.0,9.0,36%,46.9,76.0,20.0,20.0,9.0,0.0,12.0,5.0,4.5,5.3,93.0,3.0,8.0,14.0,0.0,116.0,5,Ubaldo Jimenez,Baltimore Orioles,R,33,27,25,140.3,124,65,18,142,80,75,628,19.7%,10.4%,0.298,4.81,4.48,112,103,7.95,4.17,1.15,85,0.7
Nate Karns,karnsna01,28.0,SEA,94.1,22.0,15.0,6.0,2.0,7.0,3.0,0.0,9.0,6.0,0.6,6.0,0.0,0.0,0.0,5.0,33%,50.1,76.0,18.0,16.0,10.0,0.0,8.0,5.4,5.5,5.4,95.0,0.0,11.0,4.0,0.0,105.0,3,Nate Karns,Seattle Mariners,R,29,24,21,119.7,123,49,16,116,62,58,524,23.5%,9.3%,0.302,4.36,4.12,108,100,9.25,3.68,1.2,88,0.9
Ian Kennedy,kenneia01,31.0,KCR,195.2,33.0,33.0,11.0,11.0,11.0,4.0,2.0,16.0,17.0,0.485,5.0,3.0,0.0,0.0,15.0,45%,54.6,80.0,23.0,25.0,5.0,0.0,13.0,4.2,4.3,5.9,102.0,2.0,7.0,24.0,0.0,116.0,10,Ian Kennedy,Kansas City Royals,R,32,26,26,146.7,140,44,24,146,73,68,630,22.2%,7.0%,0.293,4.17,4.29,96,103,8.59,2.7,1.47,99,1.9
Clayton Kershaw,kershcl01,28.0,LAD,149.0,21.0,21.0,12.0,4.0,5.0,0.0,1.0,17.0,4.0,0.81,1.0,2.0,3.0,3.0,17.0,81%,70.3,95.0,40.0,1.0,1.0,0.0,11.0,4.4,3.6,7.1,98.0,2.0,7.0,12.0,0.0,116.0,20,Clayton Kershaw,Los Angeles Dodgers,L,29,26,26,177.0,219,27,15,134,48,45,692,31.6%,3.9%,0.278,2.29,2.31,58,56,11.14,1.37,0.76,166,5.9
Dallas Keuchel,keuchda01,28.0,HOU,168.0,26.0,26.0,9.0,12.0,5.0,0.0,2.0,12.0,14.0,0.462,2.0,2.0,1.0,1.0,16.0,62%,51.5,86.0,21.0,15.0,5.0,0.0,12.0,3.5,3.6,6.5,103.0,0.0,10.0,16.0,0.0,116.0,16,Dallas Keuchel,Houston Astros,L,29,28,28,184.7,164,47,19,173,80,75,774,21.2%,6.1%,0.285,3.66,3.46,89,83,7.99,2.29,0.93,110,3.5
Corey Kluber,klubeco01,30.0,CLE,215.0,32.0,32.0,18.0,9.0,5.0,1.0,1.0,20.0,12.0,0.625,1.0,2.0,3.0,2.0,22.0,69%,60.4,88.0,26.0,15.0,5.0,0.0,13.0,5.3,5.3,6.7,100.0,2.0,10.0,20.0,0.0,115.0,22,Corey Kluber,Cleveland Indians,R,31,31,31,208.7,229,49,21,181,77,72,856,26.7%,5.7%,0.29100000000000004,3.11,3.01,72,71,9.88,2.11,0.91,129,5.4
Tom Koehler,koehlto01,30.0,MIA,176.2,33.0,33.0,9.0,13.0,11.0,2.0,4.0,12.0,21.0,0.364,7.0,3.0,0.0,0.0,16.0,48%,49.5,76.0,7.0,16.0,11.0,0.0,14.0,4.1,3.6,5.4,94.0,6.0,13.0,14.0,0.0,115.0,2,Tom Koehler,Miami Marlins,R,31,29,29,163.7,127,68,21,162,86,80,721,17.6%,9.4%,0.282,4.4,4.57,108,113,6.98,3.74,1.15,90,1.3
Chad Kuhl,kuhlch01,23.0,PIT,70.2,14.0,14.0,5.0,4.0,5.0,1.0,1.0,9.0,5.0,0.643,2.0,0.0,0.0,0.0,8.0,57%,50.2,75.0,24.0,8.0,3.0,0.0,9.0,4.9,4.3,5.0,82.0,4.0,9.0,1.0,0.0,102.0,8,Chad Kuhl,Pittsburgh Pirates,R,24,28,28,143.7,103,40,20,155,77,72,626,16.5%,6.4%,0.297,4.51,4.56,113,113,6.45,2.51,1.25,85,0.8
John Lackey,lackejo01,37.0,CHC,188.1,29.0,29.0,11.0,8.0,10.0,2.0,4.0,17.0,12.0,0.586,4.0,5.0,0.0,0.0,20.0,69%,58.6,79.0,23.0,12.0,6.0,0.0,15.0,4.8,4.6,6.5,98.0,1.0,14.0,14.0,0.0,115.0,12,John Lackey,Chicago Cubs,R,38,27,27,176.7,155,47,21,157,74,69,734,21.1%,6.4%,0.269,3.52,3.84,85,92,7.89,2.39,1.07,112,3.1
Mat Latos,latosma01,28.0,TOT,70.0,17.0,12.0,6.0,2.0,4.0,1.0,0.0,9.0,3.0,0.75,1.0,2.0,0.0,0.0,5.0,42%,47.3,71.0,26.0,10.0,5.0,0.0,7.0,6.1,5.9,5.4,90.0,1.0,9.0,2.0,0.0,109.0,1,Mat Latos,Washington Nationals,R,29,23,20,108.0,78,38,13,110,59,55,472,16.5%,8.1%,0.284,4.58,4.39,110,106,6.5,3.17,1.08,88,0.7
Mike Leake,leakemi01,28.0,STL,176.2,30.0,30.0,9.0,12.0,9.0,1.0,4.0,13.0,17.0,0.433,1.0,8.0,0.0,0.0,16.0,53%,48.2,72.0,23.0,10.0,3.0,0.0,14.0,4.5,3.3,5.9,89.0,5.0,21.0,4.0,0.0,113.0,18,Mike Leake,Louis Cardinals,R,29,28,28,173.7,120,38,20,181,86,80,740,16.2%,5.1%,0.29,4.15,4.04,102,98,6.22,1.97,1.04,96,2.0
Jon Lester,lestejo01,32.0,CHC,202.2,32.0,32.0,19.0,5.0,8.0,1.0,2.0,24.0,8.0,0.75,2.0,5.0,2.0,0.0,26.0,81%,61.6,85.0,5.0,18.0,4.0,0.0,19.0,5.1,4.4,6.3,99.0,3.0,9.0,20.0,0.0,118.0,18,Jon Lester,Chicago Cubs,L,33,29,29,189.7,188,45,20,162,70,65,776,24.2%,5.8%,0.275,3.08,3.38,75,81,8.92,2.13,0.95,127,4.4
Francisco Liriano,liriafr01,32.0,TOT,163.0,31.0,29.0,8.0,13.0,8.0,3.0,4.0,13.0,16.0,0.448,5.0,2.0,0.0,0.0,13.0,45%,49.4,71.0,12.0,20.0,8.0,0.0,16.0,4.6,4.4,5.6,95.0,3.0,17.0,9.0,0.0,111.0,5,Francisco Liriano,Toronto Blue Jays,L,33,29,28,158.0,174,71,24,147,79,74,692,25.1%,10.3%,0.295,4.22,4.32,98,102,9.91,4.04,1.37,98,2.0
Jeff Locke,lockeje01,28.0,PIT,127.1,30.0,19.0,8.0,7.0,4.0,2.0,0.0,9.0,10.0,0.474,0.0,3.0,1.0,1.0,9.0,47%,43.3,82.0,-3.0,15.0,4.0,0.0,9.0,4.9,4.7,5.6,90.0,3.0,12.0,4.0,0.0,106.0,0,Jeff Locke,Miami Marlins,L,29,28,23,141.7,96,51,17,147,78,73,623,15.4%,8.2%,0.28600000000000003,4.64,4.49,113,111,6.1,3.24,1.08,86,0.6
Reynaldo Lopez,lopezre01,22.0,WSN,44.0,11.0,6.0,2.0,3.0,1.0,0.0,0.0,2.0,4.0,0.333,0.0,0.0,0.0,0.0,2.0,33%,44.5,72.0,23.0,8.0,0.0,0.0,4.0,4.1,4.3,4.9,94.0,0.0,3.0,3.0,0.0,105.0,5,Reynaldo Lopez,Chicago White Sox,R,23,26,23,126.7,131,52,20,129,72,67,561,23.3%,9.3%,0.309,4.76,4.39,112,101,9.31,3.69,1.42,87,0.9
Reynaldo Lopez,lopezre01,22.0,WSN,44.0,11.0,6.0,2.0,3.0,1.0,0.0,0.0,2.0,4.0,0.333,0.0,0.0,0.0,0.0,2.0,33%,44.5,72.0,23.0,8.0,0.0,0.0,4.0,4.1,4.3,4.9,94.0,0.0,3.0,3.0,0.0,105.0,5,Reynaldo Lopez,Washington Nationals,R,23,26,23,128.7,126,51,18,126,68,64,563,22.4%,9.1%,0.297,4.48,4.31,107,104,8.81,3.57,1.26,90,1.0
Seth Lugo,lugose01,26.0,NYM,64.0,17.0,8.0,5.0,1.0,2.0,2.0,1.0,7.0,1.0,0.875,0.0,2.0,0.0,0.0,4.0,50%,56.1,65.0,49.0,4.0,2.0,1.0,4.0,6.1,6.2,5.9,87.0,1.0,6.0,1.0,0.0,101.0,8,Seth Lugo,New York Mets,R,27,31,22,131.7,104,39,20,133,72,67,567,18.3%,6.9%,0.285,4.58,4.58,116,110,7.11,2.67,1.37,82,0.3
Jordan Lyles,lylesjo01,25.0,COL,58.2,40.0,5.0,1.0,2.0,2.0,0.0,0.0,2.0,3.0,0.4,0.0,1.0,0.0,0.0,1.0,20%,34.8,70.0,19.0,15.0,9.0,0.0,3.0,7.0,4.7,4.0,69.0,4.0,1.0,0.0,0.0,84.0,0,Jordan Lyles,Colorado Rockies,R,26,32,15,97.7,63,39,12,111,57,53,443,14.2%,8.8%,0.307,4.88,4.81,99,107,5.81,3.59,1.11,96,1.1
Kenta Maeda,maedake01,28.0,LAD,175.2,32.0,32.0,16.0,11.0,5.0,8.0,2.0,19.0,13.0,0.594,2.0,3.0,0.0,0.0,14.0,44%,55.1,82.0,21.0,18.0,3.0,0.0,19.0,4.9,4.5,5.5,92.0,4.0,20.0,8.0,0.0,107.0,5,Kenta Maeda,Los Angeles Dodgers,R,29,29,29,177.7,170,45,19,162,73,68,740,23.0%,6.1%,0.28800000000000003,3.44,3.52,87,86,8.61,2.28,0.96,110,3.2
Sean Manaea,manaese01,24.0,OAK,144.2,25.0,24.0,7.0,9.0,8.0,2.0,2.0,11.0,13.0,0.458,3.0,2.0,0.0,0.0,12.0,50%,53.2,79.0,7.0,10.0,3.0,0.0,15.0,4.3,3.6,5.8,87.0,5.0,14.0,5.0,0.0,106.0,14,Sean Manaea,Oakland Athletics,L,25,27,26,146.0,132,42,17,140,67,63,620,21.3%,6.8%,0.289,3.88,3.74,96,91,8.14,2.59,1.05,102,2.3
German Marquez,marquge01,21.0,COL,20.2,6.0,3.0,1.0,1.0,1.0,1.0,0.0,1.0,2.0,0.333,1.0,0.0,0.0,0.0,1.0,33%,44.0,58.0,17.0,3.0,0.0,0.0,1.0,6.0,5.4,5.1,83.0,0.0,3.0,0.0,0.0,87.0,14,German Marquez,Colorado Rockies,R,22,29,26,155.3,117,43,25,179,91,85,688,17.0%,6.3%,0.312,4.92,4.78,100,106,6.78,2.49,1.45,95,1.9
Nick Martinez,martini01,25.0,TEX,38.2,12.0,5.0,0.0,2.0,3.0,0.0,0.0,1.0,4.0,0.2,2.0,1.0,0.0,0.0,0.0,0%,35.4,50.0,15.0,8.0,3.0,1.0,2.0,5.2,5.7,4.7,84.0,2.0,2.0,1.0,0.0,108.0,7,Nick Martinez,Texas Rangers,R,26,29,23,138.3,84,46,19,159,77,72,620,13.5%,7.4%,0.303,4.68,4.85,107,114,5.47,2.99,1.24,90,1.1
Steven Matz,matzst01,25.0,NYM,132.1,22.0,22.0,9.0,8.0,5.0,0.0,3.0,11.0,11.0,0.5,3.0,2.0,0.0,0.0,14.0,64%,55.4,83.0,14.0,8.0,1.0,0.0,13.0,4.3,4.5,6.0,98.0,2.0,8.0,11.0,1.0,120.0,4,Steven Matz,New York Mets,L,26,24,24,138.0,141,39,15,126,57,53,579,24.4%,6.7%,0.293,3.46,3.47,87,83,9.2,2.54,0.98,108,2.4
Brandon McCarthy,mccarbr01,32.0,LAD,40.0,10.0,9.0,2.0,2.0,5.0,2.0,0.0,5.0,4.0,0.556,1.0,3.0,0.0,0.0,2.0,22%,54.1,74.0,37.0,11.0,5.0,0.0,7.0,3.7,2.7,4.4,75.0,6.0,3.0,0.0,0.0,85.0,8,Brandon McCarthy,Los Angeles Dodgers,R,33,15,15,88.0,63,21,12,92,43,40,377,16.7%,5.6%,0.29,4.09,4.38,103,107,6.44,2.15,1.23,93,0.8
Collin McHugh,mchugco01,29.0,HOU,184.2,33.0,33.0,13.0,10.0,10.0,5.0,3.0,21.0,12.0,0.636,4.0,5.0,1.0,0.0,16.0,48%,50.4,77.0,4.0,18.0,6.0,0.0,16.0,4.9,5.2,5.6,96.0,3.0,12.0,18.0,0.0,112.0,5,Collin McHugh,Houston Astros,R,30,30,30,177.7,166,48,21,177,81,76,758,21.9%,6.3%,0.302,3.85,3.69,93,88,8.41,2.43,1.06,104,2.9
Tim Melville,melviti01,26.0,CIN,9.0,3.0,2.0,0.0,1.0,1.0,0.0,0.0,1.0,1.0,0.5,0.0,1.0,0.0,0.0,0.0,0%,34.5,49.0,20.0,0.0,0.0,0.0,1.0,2.6,3.9,3.5,77.0,1.0,1.0,0.0,0.0,92.0,0,Tim Melville,Cincinnati Reds,R,27,20,17,82.0,58,48,19,94,65,61,388,14.9%,12.4%,0.29,6.7,6.69,159,156,6.37,5.27,2.09,60,-1.7
Daniel Mengden,mengdda01,23.0,OAK,72.0,14.0,14.0,2.0,9.0,3.0,0.0,2.0,3.0,11.0,0.214,0.0,2.0,0.0,0.0,4.0,29%,43.3,77.0,9.0,17.0,4.0,0.0,9.0,4.5,4.5,5.1,94.0,2.0,6.0,6.0,0.0,108.0,4,Daniel Mengden,Oakland Athletics,R,24,28,27,145.3,121,55,17,150,81,76,641,18.9%,8.6%,0.302,4.71,4.22,117,102,7.49,3.41,1.05,84,0.7
Ryan Merritt,merriry01,24.0,CLE,11.0,4.0,1.0,1.0,0.0,0.0,1.0,0.0,1.0,0.0,1.0,0.0,0.0,0.0,0.0,0.0,0%,61.0,61.0,61.0,0.0,0.0,0.0,1.0,7.0,7.2,5.0,62.0,1.0,0.0,0.0,0.0,62.0,1,Ryan Merritt,Cleveland Indians,L,25,26,24,144.7,89,27,22,170,85,79,631,14.1%,4.3%,0.304,4.91,4.56,114,107,5.54,1.68,1.37,82,0.3
Alex Meyer,meyeral01,26.0,TOT,25.1,7.0,6.0,1.0,3.0,2.0,1.0,0.0,3.0,3.0,0.5,1.0,1.0,0.0,0.0,0.0,0%,48.8,67.0,37.0,7.0,5.0,1.0,2.0,4.7,2.1,4.1,75.0,5.0,1.0,0.0,0.0,82.0,6,Alex Meyer,Los Angeles Angels,R,27,26,15,88.3,94,39,10,80,43,40,384,24.5%,10.2%,0.294,4.08,3.88,102,95,9.58,3.98,1.02,94,0.8
Wade Miley,mileywa01,29.0,TOT,166.0,30.0,30.0,9.0,13.0,8.0,4.0,5.0,14.0,16.0,0.467,1.0,7.0,1.0,1.0,12.0,40%,47.0,81.0,4.0,21.0,7.0,0.0,14.0,4.8,4.2,5.5,91.0,4.0,20.0,6.0,0.0,116.0,8,Wade Miley,Baltimore Orioles,L,30,29,29,165.7,135,55,22,176,92,86,728,18.5%,7.6%,0.301,4.67,4.25,109,98,7.33,2.99,1.2,87,1.1
Shelby Miller,millesh01,25.0,ARI,101.0,20.0,20.0,3.0,12.0,5.0,1.0,1.0,6.0,14.0,0.3,1.0,2.0,1.0,1.0,4.0,20%,42.1,66.0,25.0,17.0,1.0,0.0,11.0,3.9,3.6,5.1,87.0,5.0,12.0,3.0,0.0,107.0,1,Shelby Miller,Arizona Diamondbacks,R,26,29,29,167.3,134,58,20,170,83,78,730,18.4%,7.9%,0.292,4.2,4.18,96,99,7.21,3.12,1.08,99,2.3
Tommy Milone,milonto01,29.0,MIN,69.1,19.0,12.0,3.0,4.0,5.0,1.0,0.0,5.0,7.0,0.417,0.0,4.0,0.0,0.0,2.0,17%,41.9,69.0,24.0,16.0,3.0,1.0,6.0,5.8,4.3,4.9,87.0,3.0,7.0,2.0,0.0,109.0,0,Tommy Milone,Milwaukee Brewers,L,30,26,22,128.0,100,35,21,136,72,67,555,18.0%,6.3%,0.29,4.71,4.6,110,106,7.03,2.46,1.48,86,0.8
Ariel Miranda,miranar01,27.0,TOT,58.0,12.0,10.0,4.0,2.0,4.0,1.0,0.0,5.0,5.0,0.5,2.0,0.0,0.0,0.0,4.0,40%,,70.0,38.0,6.0,2.0,0.0,6.0,5.7,7.0,5.5,84.0,3.0,6.0,1.0,0.0,103.0,9,Ariel Miranda,Seattle Mariners,L,28,29,27,143.0,114,47,19,146,73,68,622,18.3%,7.6%,0.29100000000000004,4.28,4.33,106,105,7.17,2.96,1.2,89,1.2
Bryan Mitchell,mitchbr01,25.0,NYY,25.0,5.0,5.0,1.0,2.0,2.0,1.0,1.0,2.0,3.0,0.4,0.0,0.0,0.0,0.0,2.0,40%,48.0,70.0,19.0,3.0,1.0,0.0,2.0,2.9,2.8,5.0,78.0,2.0,3.0,0.0,0.0,94.0,0,Bryan Mitchell,New York Yankees,R,26,23,16,80.0,64,39,14,87,55,51,366,17.5%,10.7%,0.298,5.74,5.36,135,122,7.2,4.39,1.58,71,-0.6
Rafael Montero,montera01,25.0,NYM,19.0,9.0,3.0,0.0,1.0,2.0,0.0,0.0,2.0,1.0,0.667,0.0,0.0,0.0,0.0,0.0,0%,41.3,60.0,19.0,2.0,1.0,0.0,3.0,2.6,2.3,3.7,80.0,2.0,0.0,1.0,0.0,100.0,6,Rafael Montero,New York Mets,R,26,26,21,108.3,94,52,16,109,66,62,486,19.3%,10.7%,0.29100000000000004,5.15,4.84,130,116,7.81,4.32,1.33,73,-0.5
Mike Montgomery,montgmi01,26.0,TOT,100.0,49.0,7.0,1.0,1.0,5.0,0.0,0.0,4.0,3.0,0.5710000000000001,0.0,3.0,0.0,0.0,2.0,29%,53.6,63.0,40.0,8.0,0.0,1.0,5.0,4.9,5.6,5.1,77.0,3.0,4.0,0.0,0.0,91.0,6,Mike Montgomery,Chicago Cubs,L,27,35,16,115.3,94,46,13,106,55,51,498,18.9%,9.2%,0.276,3.98,4.4,96,105,7.34,3.59,1.01,99,1.1
Joe Musgrove,musgrjo01,23.0,HOU,62.0,11.0,10.0,4.0,4.0,2.0,1.0,1.0,5.0,5.0,0.5,0.0,1.0,0.0,0.0,5.0,50%,50.9,69.0,15.0,7.0,1.0,0.0,4.0,3.8,2.9,5.8,91.0,2.0,7.0,1.0,0.0,106.0,3,Joe Musgrove,Houston Astros,R,24,25,21,128.0,112,21,20,132,65,61,537,20.9%,3.9%,0.29600000000000004,4.29,4.02,104,97,7.88,1.48,1.41,94,1.3
Justin Nicolino,nicolju01,24.0,MIA,79.1,18.0,13.0,2.0,6.0,5.0,1.0,1.0,5.0,8.0,0.385,0.0,3.0,0.0,0.0,3.0,23%,42.2,74.0,27.0,13.0,1.0,0.0,7.0,3.6,2.8,5.4,83.0,4.0,8.0,1.0,0.0,101.0,1,Justin Nicolino,Miami Marlins,L,25,30,28,162.3,79,36,19,180,87,81,703,11.2%,5.1%,0.287,4.49,4.49,110,111,4.38,2.0,1.05,88,1.1
Aaron Nola,nolaaa01,23.0,PHI,111.0,20.0,20.0,6.0,9.0,5.0,1.0,2.0,8.0,12.0,0.4,3.0,1.0,0.0,0.0,11.0,55%,50.4,79.0,14.0,8.0,5.0,0.0,9.0,3.9,4.2,5.6,90.0,5.0,10.0,5.0,0.0,111.0,17,Aaron Nola,Philadelphia Phillies,R,24,32,32,184.0,162,39,18,180,79,74,771,21.0%,5.1%,0.298,3.62,3.45,88,81,7.92,1.91,0.88,108,3.3
Ricky Nolasco,nolasri01,33.0,TOT,197.2,32.0,32.0,8.0,14.0,10.0,0.0,5.0,13.0,19.0,0.406,4.0,1.0,1.0,1.0,16.0,50%,50.7,86.0,19.0,19.0,9.0,0.0,12.0,4.4,4.2,6.2,98.0,2.0,15.0,15.0,0.0,110.0,12,Ricky Nolasco,Los Angeles Angels,R,34,21,21,126.7,96,29,16,130,65,61,539,17.8%,5.4%,0.289,4.33,3.97,108,97,6.82,2.06,1.14,89,0.9
Bud Norris,norribu01,31.0,TOT,113.0,35.0,19.0,6.0,7.0,6.0,2.0,1.0,10.0,9.0,0.526,3.0,3.0,0.0,0.0,5.0,26%,47.4,77.0,14.0,19.0,6.0,3.0,6.0,4.9,3.9,4.8,86.0,3.0,13.0,3.0,0.0,104.0,0,Bud Norris,Los Angeles Dodgers,R,32,28,21,126.3,106,43,19,128,72,67,550,19.3%,7.8%,0.292,4.77,4.6,120,113,7.55,3.06,1.35,79,0.0
Daniel Norris,norrida01,23.0,DET,69.1,14.0,13.0,4.0,2.0,7.0,2.0,0.0,8.0,5.0,0.615,4.0,3.0,0.0,0.0,4.0,31%,51.9,66.0,41.0,11.0,4.0,0.0,8.0,5.3,5.3,5.3,91.0,2.0,6.0,5.0,0.0,114.0,6,Daniel Norris,Detroit Tigers,L,24,30,30,153.0,142,58,18,155,75,70,672,21.1%,8.6%,0.305,4.12,4.0,97,94,8.35,3.41,1.06,101,2.3
Ivan Nova,novaiv01,29.0,TOT,162.0,32.0,26.0,11.0,7.0,8.0,4.0,0.0,14.0,11.0,0.56,2.0,4.0,3.0,0.0,10.0,38%,50.8,76.0,23.0,15.0,8.0,0.0,12.0,4.0,3.9,5.7,82.0,12.0,11.0,3.0,0.0,107.0,17,Ivan Nova,Pittsburgh Pirates,R,30,20,20,119.7,87,28,12,125,57,53,512,17.0%,5.5%,0.3,3.99,3.91,100,97,6.54,2.11,0.9,96,1.5
Jake Odorizzi,odorija01,26.0,TBR,187.2,33.0,33.0,10.0,6.0,17.0,3.0,1.0,17.0,16.0,0.515,2.0,5.0,0.0,0.0,17.0,52%,53.9,77.0,21.0,11.0,1.0,0.0,16.0,4.3,4.3,5.7,100.0,0.0,16.0,16.0,1.0,120.0,11,Jake Odorizzi,Tampa Bay Rays,R,27,31,31,177.3,166,53,21,164,78,73,749,22.2%,7.1%,0.28300000000000003,3.7,3.72,91,91,8.43,2.69,1.07,107,3.0
Dillon Overton,overtdi01,24.0,OAK,24.1,7.0,5.0,1.0,3.0,1.0,1.0,0.0,2.0,3.0,0.4,0.0,1.0,0.0,0.0,1.0,20%,27.6,49.0,9.0,3.0,2.0,0.0,4.0,4.3,4.0,4.3,87.0,2.0,1.0,2.0,0.0,108.0,0,Dillon Overton,Oakland Athletics,L,25,27,24,133.0,91,36,18,148,75,70,583,15.6%,6.2%,0.301,4.74,4.44,117,108,6.16,2.44,1.22,83,0.6
David Paulino,paulida01,22.0,HOU,7.0,3.0,1.0,0.0,1.0,0.0,0.0,0.0,0.0,1.0,0.0,0.0,0.0,0.0,0.0,0.0,0%,33.0,33.0,33.0,0.0,0.0,0.0,1.0,7.0,3.0,3.0,70.0,1.0,0.0,0.0,0.0,70.0,1,David Paulino,Houston Astros,R,23,21,16,88.3,80,28,11,87,44,41,380,21.1%,7.4%,0.298,4.18,4.07,101,98,8.15,2.85,1.12,96,1.0
James Paxton,paxtoja01,27.0,SEA,121.0,20.0,20.0,6.0,7.0,7.0,2.0,2.0,7.0,13.0,0.35,4.0,1.0,0.0,0.0,10.0,50%,52.0,76.0,25.0,7.0,1.0,0.0,9.0,4.7,4.7,6.1,98.0,2.0,8.0,10.0,0.0,113.0,14,James Paxton,Seattle Mariners,L,28,23,23,118.3,109,35,14,119,56,52,509,21.4%,6.9%,0.301,3.95,3.69,98,89,8.29,2.66,1.07,97,1.5
Brad Peacock,peacobr01,28.0,HOU,31.2,10.0,5.0,0.0,1.0,4.0,0.0,0.0,2.0,3.0,0.4,2.0,1.0,0.0,0.0,1.0,20%,52.8,66.0,31.0,3.0,0.0,0.0,4.0,3.0,3.1,4.9,78.0,4.0,1.0,0.0,0.0,93.0,8,Brad Peacock,Houston Astros,R,29,22,19,102.0,94,45,16,101,58,54,452,20.8%,10.0%,0.29,4.76,4.71,115,113,8.29,3.97,1.41,84,0.4
Mike Pelfrey,pelfrmi01,32.0,DET,119.0,24.0,22.0,4.0,10.0,8.0,3.0,3.0,10.0,12.0,0.455,3.0,5.0,0.0,0.0,5.0,23%,41.3,62.0,21.0,25.0,8.0,1.0,10.0,4.3,4.0,5.1,90.0,3.0,13.0,6.0,0.0,111.0,2,Mike Pelfrey,Detroit Tigers,R,33,21,20,109.0,53,37,14,135,66,62,499,10.6%,7.4%,0.311,5.12,4.99,120,117,4.38,3.06,1.16,81,0.3
Wily Peralta,peralwi01,27.0,MIL,127.2,23.0,23.0,7.0,11.0,5.0,4.0,4.0,9.0,14.0,0.391,2.0,3.0,0.0,0.0,9.0,39%,46.0,76.0,22.0,13.0,3.0,0.0,13.0,4.2,4.0,5.6,93.0,1.0,17.0,5.0,0.0,108.0,2,Wily Peralta,Milwaukee Brewers,R,28,28,28,149.7,111,51,22,163,86,80,663,16.7%,7.7%,0.297,4.81,4.72,112,109,6.67,3.07,1.32,85,0.8
Yusmeiro Petit,petityu01,31.0,WSN,62.0,36.0,1.0,0.0,1.0,0.0,0.0,1.0,0.0,1.0,0.0,0.0,0.0,0.0,0.0,1.0,100%,54.0,54.0,54.0,14.0,6.0,1.0,0.0,1.0,0.0,6.0,94.0,0.0,1.0,0.0,0.0,94.0,0,Yusmeiro Petit,Washington Nationals,R,32,36,3,72.3,64,17,11,72,35,33,306,20.9%,5.6%,0.285,4.11,3.98,99,96,7.97,2.12,1.37,98,0.4
Michael Pineda,pinedmi01,27.0,NYY,175.2,32.0,32.0,6.0,12.0,14.0,2.0,2.0,15.0,17.0,0.469,2.0,4.0,0.0,0.0,11.0,34%,50.5,73.0,22.0,17.0,7.0,0.0,17.0,4.1,3.7,5.5,94.0,3.0,20.0,9.0,0.0,114.0,9,Michael Pineda,New York Yankees,R,28,28,28,156.7,164,33,20,153,74,69,656,25.0%,5.0%,0.306,3.96,3.38,93,77,9.42,1.9,1.15,102,2.5
Drew Pomeranz,pomerdr01,27.0,TOT,170.2,31.0,30.0,11.0,12.0,7.0,4.0,5.0,15.0,15.0,0.5,1.0,1.0,0.0,0.0,16.0,53%,56.5,79.0,25.0,14.0,3.0,0.0,12.0,3.5,3.8,5.6,94.0,5.0,11.0,14.0,0.0,111.0,17,Drew Pomeranz,Boston Red Sox,L,28,26,26,136.7,141,50,16,124,60,56,584,24.1%,8.6%,0.28800000000000003,3.69,3.66,84,88,9.28,3.29,1.05,114,2.7
Rick Porcello,porceri01,27.0,BOS,223.0,33.0,33.0,22.0,4.0,7.0,3.0,3.0,25.0,8.0,0.758,1.0,4.0,3.0,0.0,26.0,79%,58.7,78.0,34.0,11.0,0.0,0.0,11.0,6.8,6.8,6.8,103.0,0.0,9.0,23.0,1.0,123.0,19,Rick Porcello,Boston Red Sox,R,28,30,30,195.3,159,35,22,196,82,77,817,19.5%,4.3%,0.294,3.55,3.62,80,87,7.33,1.61,1.01,119,4.3
David Price,priceda01,30.0,BOS,230.0,35.0,35.0,17.0,9.0,9.0,1.0,4.0,20.0,15.0,0.5710000000000001,4.0,4.0,2.0,0.0,22.0,63%,55.0,84.0,10.0,13.0,4.0,0.0,10.0,5.9,5.8,6.6,103.0,1.0,8.0,26.0,0.0,116.0,7,David Price,Boston Red Sox,L,31,32,32,218.0,221,43,26,211,90,84,908,24.3%,4.7%,0.302,3.47,3.29,79,79,9.12,1.78,1.07,122,5.0
Jose Quintana,quintjo01,27.0,CHW,208.0,32.0,32.0,13.0,12.0,7.0,1.0,7.0,17.0,15.0,0.531,3.0,3.0,0.0,0.0,23.0,72%,56.8,75.0,16.0,14.0,3.0,0.0,19.0,3.8,3.3,6.5,103.0,0.0,9.0,23.0,0.0,117.0,18,Jose Quintana,Chicago White Sox,L,28,30,30,189.0,168,47,20,189,82,77,803,20.9%,5.9%,0.3,3.67,3.48,86,80,8.0,2.24,0.95,113,3.9
Cody Reed,reedco01,23.0,CIN,47.2,10.0,10.0,0.0,7.0,3.0,0.0,0.0,0.0,10.0,0.0,1.0,1.0,0.0,0.0,2.0,20%,38.1,67.0,17.0,1.0,0.0,0.0,7.0,3.7,3.5,4.8,89.0,3.0,5.0,2.0,0.0,104.0,0,Cody Reed,Cincinnati Reds,L,24,24,24,133.3,125,44,22,132,70,65,576,21.7%,7.6%,0.29100000000000004,4.39,4.58,104,107,8.44,2.97,1.49,91,1.2
Clayton Richard,richacl01,32.0,TOT,67.2,36.0,9.0,3.0,3.0,3.0,0.0,1.0,6.0,3.0,0.667,1.0,2.0,0.0,0.0,5.0,56%,,71.0,26.0,25.0,6.0,0.0,7.0,4.5,3.9,5.8,90.0,1.0,7.0,1.0,0.0,114.0,14,Clayton Richard,San Diego Padres,L,33,27,10,66.0,39,21,7,74,33,31,293,13.3%,7.2%,0.299,4.23,4.34,106,105,5.32,2.86,0.95,88,0.3
Garrett Richards,richaga01,28.0,LAA,34.2,6.0,6.0,1.0,3.0,2.0,0.0,2.0,2.0,4.0,0.333,1.0,2.0,0.0,0.0,4.0,67%,54.8,66.0,43.0,3.0,1.0,0.0,3.0,3.6,2.1,5.8,103.0,1.0,1.0,4.0,0.0,118.0,1,Garrett Richards,Los Angeles Angels,R,29,18,18,114.0,109,42,11,101,49,46,485,22.5%,8.7%,0.282,3.63,3.63,91,89,8.61,3.32,0.87,106,1.9
Tanner Roark,roarkta01,29.0,WSN,210.0,34.0,33.0,16.0,10.0,7.0,3.0,3.0,20.0,13.0,0.606,4.0,2.0,0.0,0.0,22.0,67%,57.5,85.0,25.0,7.0,1.0,0.0,13.0,4.1,3.7,6.3,101.0,2.0,10.0,20.0,1.0,121.0,17,Tanner Roark,Washington Nationals,R,30,28,28,170.7,126,50,20,165,78,73,727,17.3%,6.9%,0.277,3.85,4.2,92,102,6.64,2.64,1.05,104,2.7
Carlos Rodon,rodonca01,23.0,CHW,165.0,28.0,28.0,9.0,10.0,9.0,0.0,3.0,13.0,15.0,0.464,4.0,0.0,0.0,0.0,17.0,61%,51.8,86.0,18.0,10.0,1.0,0.0,16.0,4.2,4.7,5.9,100.0,2.0,10.0,15.0,1.0,122.0,6,Carlos Rodon,Chicago White Sox,L,24,28,28,165.0,171,61,19,160,76,71,716,23.9%,8.5%,0.308,3.87,3.73,91,86,9.33,3.33,1.04,107,3.0
Joe Ross,rossjo01,23.0,WSN,105.0,19.0,19.0,7.0,5.0,7.0,1.0,1.0,12.0,7.0,0.632,0.0,2.0,0.0,0.0,9.0,47%,53.0,76.0,34.0,13.0,0.0,0.0,6.0,4.9,4.5,5.5,90.0,3.0,10.0,6.0,0.0,110.0,7,Joe Ross,Washington Nationals,R,24,27,26,133.0,120,35,13,127,57,53,561,21.4%,6.2%,0.295,3.59,3.53,86,86,8.12,2.37,0.88,112,2.5
Tyson Ross,rossty01,29.0,SDP,5.1,1.0,1.0,0.0,1.0,0.0,0.0,0.0,0.0,1.0,0.0,0.0,0.0,0.0,0.0,0.0,0%,24.0,24.0,24.0,2.0,2.0,0.0,1.0,0.0,0.0,5.3,94.0,0.0,1.0,0.0,0.0,94.0,1,Tyson Ross,Texas Rangers,R,30,21,21,123.0,109,52,13,126,62,58,547,19.9%,9.5%,0.308,4.24,4.07,97,96,7.98,3.8,0.95,99,1.7
Tyson Ross,rossty01,29.0,SDP,5.1,1.0,1.0,0.0,1.0,0.0,0.0,0.0,0.0,1.0,0.0,0.0,0.0,0.0,0.0,0.0,0%,24.0,24.0,24.0,2.0,2.0,0.0,1.0,0.0,0.0,5.3,94.0,0.0,1.0,0.0,0.0,94.0,1,Tyson Ross,San Diego Padres,R,30,21,21,124.7,116,55,12,121,60,56,550,21.1%,10.0%,0.302,4.04,4.0,101,97,8.37,3.97,0.87,92,1.2
Hyun-Jin Ryu,ryuhy01,29.0,LAD,4.2,1.0,1.0,0.0,1.0,0.0,0.0,0.0,0.0,1.0,0.0,0.0,0.0,0.0,0.0,0.0,0%,26.0,26.0,26.0,1.0,0.0,0.0,1.0,0.0,0.0,4.7,89.0,0.0,1.0,0.0,0.0,89.0,6,Hyun-Jin Ryu,Los Angeles Dodgers,L,30,17,17,90.3,73,20,10,92,43,40,383,19.1%,5.2%,0.295,3.99,3.67,101,90,7.28,1.99,1.0,95,1.0
Danny Salazar,salazda01,26.0,CLE,137.1,25.0,25.0,11.0,6.0,8.0,3.0,2.0,16.0,9.0,0.64,2.0,3.0,0.0,0.0,10.0,40%,53.9,79.0,21.0,17.0,6.0,0.0,15.0,5.5,6.7,5.5,96.0,3.0,7.0,15.0,0.0,114.0,7,Danny Salazar,Cleveland Indians,R,27,28,28,164.3,189,56,20,145,68,64,694,27.2%,8.1%,0.295,3.51,3.47,82,82,10.35,3.07,1.1,114,3.4
Chris Sale,salech01,27.0,CHW,226.2,32.0,32.0,17.0,10.0,5.0,3.0,4.0,18.0,14.0,0.563,3.0,1.0,6.0,1.0,23.0,72%,60.6,92.0,18.0,11.0,6.0,0.0,19.0,4.7,4.3,7.1,107.0,1.0,5.0,23.0,3.0,120.0,23,Chris Sale,Boston Red Sox,L,28,29,29,199.7,226,40,19,171,66,62,810,27.9%,4.9%,0.297,2.79,2.88,63,69,10.19,1.8,0.86,151,6.2
Jeff Samardzija,samarje01,31.0,SFG,203.1,32.0,32.0,12.0,11.0,9.0,2.0,4.0,15.0,17.0,0.469,2.0,4.0,1.0,0.0,17.0,53%,54.2,80.0,23.0,18.0,1.0,0.0,15.0,3.8,3.9,6.4,100.0,1.0,16.0,14.0,1.0,123.0,20,Jeff Samardzija,San Francisco Giants,R,32,29,29,188.3,161,44,19,178,79,74,787,20.5%,5.6%,0.28600000000000003,3.54,3.55,89,90,7.7,2.1,0.91,106,3.0
Aaron Sanchez,sanchaa01,23.0,TOR,192.0,30.0,30.0,15.0,2.0,13.0,1.0,0.0,18.0,12.0,0.6,5.0,3.0,0.0,0.0,23.0,77%,57.5,79.0,21.0,8.0,3.0,0.0,17.0,4.9,5.1,6.4,97.0,2.0,15.0,13.0,0.0,112.0,3,Aaron Sanchez,Toronto Blue Jays,R,24,31,31,196.0,176,62,20,176,78,73,826,21.3%,7.5%,0.277,3.35,3.66,78,86,8.08,2.85,0.92,123,4.6
Anibal Sanchez,sanchan01,32.0,DET,153.1,35.0,26.0,5.0,12.0,9.0,3.0,2.0,8.0,18.0,0.308,3.0,2.0,0.0,0.0,6.0,23%,44.7,81.0,14.0,18.0,9.0,0.0,11.0,4.5,4.1,5.3,90.0,3.0,16.0,7.0,0.0,114.0,7,Anibal Sanchez,Detroit Tigers,R,33,26,22,134.0,114,42,20,138,76,71,582,19.6%,7.2%,0.293,4.77,4.33,112,102,7.66,2.82,1.34,87,0.9
Ervin Santana,santaer01,33.0,MIN,181.1,30.0,30.0,7.0,11.0,12.0,1.0,5.0,8.0,22.0,0.267,4.0,2.0,2.0,1.0,17.0,57%,54.5,91.0,21.0,20.0,10.0,1.0,13.0,3.3,3.3,6.0,98.0,3.0,10.0,17.0,0.0,117.0,20,Ervin Santana,Minnesota Twins,R,34,26,26,156.3,121,50,19,166,80,75,685,17.7%,7.3%,0.299,4.32,4.14,101,97,6.97,2.88,1.09,96,2.1
Hector Santiago,santihe01,28.0,TOT,182.0,33.0,33.0,13.0,10.0,10.0,4.0,0.0,20.0,13.0,0.606,3.0,5.0,0.0,0.0,13.0,39%,49.4,82.0,12.0,23.0,7.0,0.0,12.0,5.3,5.2,5.5,96.0,4.0,13.0,16.0,0.0,119.0,5,Hector Santiago,Minnesota Twins,L,29,30,29,152.3,127,68,24,159,87,81,684,18.6%,9.9%,0.294,4.79,4.91,112,115,7.5,4.02,1.42,86,1.1
Max Scherzer,scherma01,31.0,WSN,228.1,34.0,34.0,20.0,7.0,7.0,3.0,3.0,24.0,10.0,0.706,1.0,3.0,1.0,0.0,26.0,76%,63.5,88.0,29.0,4.0,1.0,0.0,13.0,4.8,4.5,6.7,105.0,0.0,11.0,23.0,0.0,119.0,22,Max Scherzer,Washington Nationals,R,32,31,31,210.7,251,56,22,169,75,70,857,29.3%,6.5%,0.282,2.99,3.03,72,73,10.72,2.39,0.94,134,5.5
Luis Severino,severlu01,22.0,NYY,71.0,22.0,11.0,0.0,8.0,3.0,0.0,1.0,2.0,9.0,0.182,0.0,1.0,0.0,0.0,2.0,18%,37.5,56.0,14.0,11.0,4.0,1.0,5.0,2.6,1.7,4.3,83.0,4.0,4.0,3.0,0.0,113.0,21,Luis Severino,New York Yankees,R,23,33,26,152.0,145,46,20,149,76,71,651,22.3%,7.1%,0.298,4.2,3.94,99,90,8.59,2.72,1.18,97,1.9
Braden Shipley,shiplbr01,24.0,ARI,70.0,13.0,11.0,3.0,5.0,3.0,1.0,1.0,6.0,5.0,0.545,1.0,0.0,0.0,0.0,5.0,45%,46.9,77.0,20.0,8.0,4.0,0.0,5.0,4.0,4.2,5.7,94.0,1.0,6.0,4.0,0.0,106.0,0,Braden Shipley,Arizona Diamondbacks,R,25,27,26,151.0,105,47,21,166,82,77,666,15.8%,7.1%,0.298,4.59,4.66,105,111,6.26,2.8,1.25,91,1.3
Matt Shoemaker,shoemma01,29.0,LAA,160.0,27.0,27.0,9.0,13.0,5.0,2.0,5.0,11.0,16.0,0.407,3.0,1.0,1.0,1.0,16.0,59%,53.4,88.0,12.0,20.0,10.0,0.0,13.0,3.7,3.7,5.9,92.0,5.0,14.0,8.0,0.0,116.0,5,Matt Shoemaker,Los Angeles Angels,R,30,25,25,146.3,130,32,18,143,66,62,614,21.2%,5.2%,0.29100000000000004,3.81,3.67,95,90,8.0,1.97,1.11,101,2.0
Tyler Skaggs,skaggty01,24.0,LAA,49.2,10.0,10.0,3.0,4.0,3.0,0.0,0.0,3.0,7.0,0.3,2.0,0.0,0.0,0.0,4.0,40%,50.6,75.0,23.0,7.0,0.0,0.0,7.0,4.6,6.5,5.0,88.0,1.0,9.0,0.0,0.0,97.0,5,Tyler Skaggs,Los Angeles Angels,L,25,19,19,100.0,94,35,11,95,46,43,430,21.9%,8.1%,0.294,3.87,3.8,97,93,8.46,3.15,0.99,100,1.3
Blake Snell,snellbl01,23.0,TBR,89.0,19.0,19.0,6.0,8.0,5.0,4.0,2.0,7.0,12.0,0.368,1.0,2.0,0.0,0.0,5.0,26%,50.2,76.0,26.0,19.0,3.0,0.0,12.0,4.4,4.2,4.7,90.0,3.0,10.0,6.0,0.0,104.0,7,Blake Snell,Tampa Bay Rays,L,24,30,29,148.0,170,72,16,131,65,61,647,26.3%,11.1%,0.299,3.71,3.75,91,92,10.34,4.38,0.97,106,2.5
Robert Stephenson,stephro01,23.0,CIN,37.0,8.0,8.0,2.0,3.0,3.0,1.0,0.0,3.0,5.0,0.375,1.0,2.0,0.0,0.0,1.0,13%,43.9,68.0,29.0,3.0,0.0,0.0,5.0,5.1,5.6,4.6,90.0,1.0,4.0,3.0,0.0,105.0,4,Robert Stephenson,Cincinnati Reds,R,24,24,24,122.3,128,84,21,114,77,72,565,22.7%,14.9%,0.28600000000000003,5.3,5.56,126,129,9.42,6.18,1.54,75,-0.3
Brock Stewart,stewabr01,24.0,LAD,28.0,7.0,5.0,2.0,2.0,1.0,2.0,0.0,3.0,2.0,0.6,0.0,0.0,0.0,0.0,0.0,0%,43.4,69.0,6.0,2.0,1.0,0.0,5.0,2.5,2.9,4.8,81.0,2.0,3.0,0.0,0.0,95.0,0,Brock Stewart,Los Angeles Dodgers,R,25,25,18,105.0,96,30,17,105,56,52,450,21.3%,6.7%,0.29100000000000004,4.46,4.46,113,109,8.23,2.57,1.46,85,0.4
Stephen Strasburg,strasst01,27.0,WSN,147.2,24.0,24.0,15.0,4.0,5.0,1.0,0.0,19.0,5.0,0.792,0.0,3.0,0.0,0.0,15.0,63%,58.8,84.0,1.0,11.0,3.0,0.0,10.0,6.4,6.4,6.2,99.0,2.0,5.0,17.0,0.0,114.0,20,Stephen Strasburg,Washington Nationals,R,28,27,27,159.3,189,38,17,136,59,55,652,29.0%,5.8%,0.294,3.11,2.95,75,72,10.68,2.15,0.96,129,3.9
Ross Stripling,stripro01,26.0,LAD,100.0,22.0,14.0,3.0,6.0,5.0,3.0,1.0,6.0,8.0,0.429,2.0,3.0,0.0,0.0,4.0,29%,48.9,74.0,30.0,9.0,3.0,0.0,11.0,3.3,3.3,5.4,88.0,3.0,9.0,2.0,0.0,107.0,0,Ross Stripling,Los Angeles Dodgers,R,27,23,18,101.7,77,32,14,105,57,53,442,17.4%,7.2%,0.289,4.69,4.46,118,109,6.81,2.83,1.24,81,0.1
Marcus Stroman,stromma01,25.0,TOR,204.0,32.0,32.0,9.0,10.0,13.0,0.0,3.0,14.0,18.0,0.438,4.0,5.0,0.0,0.0,18.0,56%,51.3,79.0,15.0,19.0,7.0,0.0,18.0,4.2,4.1,6.4,97.0,1.0,19.0,12.0,0.0,109.0,20,Marcus Stroman,Toronto Blue Jays,R,26,23,23,140.7,119,35,15,141,66,62,598,19.9%,5.9%,0.29600000000000004,3.97,3.61,92,85,7.61,2.24,0.96,104,2.2
Brent Suter,suterbr01,26.0,MIL,21.2,14.0,2.0,0.0,2.0,0.0,0.0,0.0,0.0,2.0,0.0,0.0,0.0,0.0,0.0,0.0,0%,33.0,34.0,32.0,5.0,0.0,0.0,1.0,3.5,1.8,4.7,88.0,0.0,2.0,0.0,0.0,89.0,4,Brent Suter,Milwaukee Brewers,L,27,32,19,120.7,88,35,16,129,64,60,526,16.7%,6.7%,0.297,4.48,4.45,104,102,6.56,2.61,1.19,91,1.0
Noah Syndergaard,syndeno01,23.0,NYM,183.2,31.0,30.0,14.0,9.0,7.0,2.0,3.0,19.0,11.0,0.633,2.0,0.0,0.0,0.0,20.0,67%,59.4,82.0,27.0,9.0,3.0,1.0,18.0,4.4,4.3,6.1,97.0,3.0,14.0,13.0,0.0,118.0,4,Noah Syndergaard,New York Mets,R,24,32,31,188.7,224,43,18,159,65,61,768,29.2%,5.6%,0.294,2.91,2.75,73,66,10.69,2.05,0.86,129,4.7
Jameson Taillon,taillja01,24.0,PIT,104.0,18.0,18.0,5.0,4.0,9.0,1.0,3.0,13.0,5.0,0.722,3.0,2.0,0.0,0.0,12.0,67%,55.0,82.0,26.0,2.0,1.0,0.0,10.0,5.1,4.8,5.8,86.0,5.0,11.0,2.0,0.0,102.0,9,Jameson Taillon,Pittsburgh Pirates,R,25,19,19,112.3,89,25,12,114,49,46,476,18.7%,5.3%,0.29600000000000004,3.69,3.77,92,93,7.13,2.0,0.96,104,1.8
Masahiro Tanaka,tanakma01,27.0,NYY,199.2,31.0,31.0,14.0,4.0,13.0,2.0,1.0,23.0,8.0,0.742,4.0,6.0,0.0,0.0,19.0,61%,57.3,78.0,27.0,11.0,5.0,0.0,17.0,5.1,4.9,6.4,95.0,3.0,17.0,11.0,0.0,110.0,17,Masahiro Tanaka,New York Yankees,R,28,27,27,165.7,150,31,22,159,72,67,687,21.8%,4.5%,0.285,3.64,3.64,86,83,8.15,1.68,1.19,111,3.3
Julio Teheran,teherju01,25.0,ATL,188.0,30.0,30.0,7.0,10.0,13.0,0.0,3.0,10.0,20.0,0.333,3.0,3.0,1.0,1.0,16.0,53%,57.7,92.0,19.0,6.0,2.0,0.0,16.0,3.3,3.3,6.3,99.0,2.0,10.0,17.0,1.0,120.0,20,Julio Teheran,Atlanta Braves,R,26,32,32,197.0,171,53,24,182,87,81,826,20.7%,6.4%,0.277,3.7,3.92,90,97,7.81,2.42,1.1,106,3.4
Nick Tepesch,tepesni01,27.0,LAD,4.0,1.0,1.0,0.0,1.0,0.0,0.0,0.0,0.0,1.0,0.0,0.0,0.0,0.0,0.0,0.0,0%,31.0,31.0,31.0,0.0,0.0,0.0,1.0,6.0,4.5,4.0,66.0,1.0,0.0,0.0,0.0,66.0,1,Nick Tepesch,Kansas City Royals,R,28,21,20,111.7,59,32,14,124,61,57,491,12.0%,6.5%,0.289,4.59,4.67,106,112,4.75,2.58,1.13,90,0.8
Chris Tillman,tillmch01,28.0,BAL,172.0,30.0,30.0,16.0,6.0,8.0,3.0,1.0,22.0,8.0,0.733,0.0,6.0,0.0,0.0,16.0,53%,53.2,77.0,15.0,21.0,3.0,1.0,14.0,4.4,4.1,5.7,98.0,3.0,8.0,18.0,1.0,120.0,3,Chris Tillman,Baltimore Orioles,R,29,29,29,167.0,133,60,21,167,86,80,728,18.3%,8.2%,0.287,4.31,4.3,100,99,7.17,3.23,1.13,95,1.9
Josh Tomlin,tomlijo01,31.0,CLE,174.0,30.0,29.0,13.0,9.0,7.0,4.0,2.0,19.0,10.0,0.655,1.0,3.0,0.0,0.0,17.0,59%,49.4,69.0,18.0,18.0,5.0,0.0,14.0,4.5,4.8,6.0,90.0,6.0,14.0,9.0,0.0,107.0,9,Josh Tomlin,Cleveland Indians,R,32,24,22,130.0,101,19,21,138,65,61,547,18.5%,3.5%,0.29,4.22,4.11,98,97,6.99,1.32,1.45,95,1.4
Andrew Triggs,triggan01,27.0,OAK,56.1,24.0,6.0,1.0,1.0,4.0,0.0,0.0,1.0,5.0,0.16699999999999998,1.0,1.0,0.0,0.0,2.0,33%,56.3,71.0,44.0,11.0,6.0,1.0,3.0,3.3,2.4,4.3,65.0,4.0,2.0,0.0,0.0,89.0,6,Andrew Triggs,Oakland Athletics,R,28,42,3,66.7,57,18,6,65,30,28,283,20.1%,6.4%,0.29600000000000004,3.78,3.47,94,84,7.7,2.43,0.81,105,0.6
Jose Urena,urenajo01,24.0,MIA,83.2,28.0,12.0,3.0,8.0,1.0,0.0,1.0,4.0,8.0,0.333,0.0,0.0,0.0,0.0,4.0,33%,46.6,80.0,15.0,7.0,3.0,0.0,5.0,2.6,2.2,5.3,87.0,2.0,8.0,2.0,0.0,108.0,12,Jose Urena,Miami Marlins,R,25,33,22,130.0,87,42,16,136,72,67,568,15.3%,7.4%,0.28800000000000003,4.64,4.51,113,111,6.02,2.91,1.11,86,0.5
Julio Urias,uriasju01,19.0,LAD,77.0,18.0,15.0,4.0,2.0,9.0,1.0,0.0,10.0,5.0,0.667,2.0,2.0,0.0,0.0,3.0,20%,52.5,66.0,29.0,11.0,2.0,0.0,10.0,4.5,4.8,4.6,84.0,5.0,9.0,1.0,0.0,100.0,1,Julio Urias,Los Angeles Dodgers,L,20,24,24,136.3,135,44,14,126,58,54,579,23.3%,7.6%,0.295,3.56,3.64,90,89,8.91,2.91,0.92,106,2.2
Jason Vargas,vargaja01,33.0,KCR,12.0,3.0,3.0,0.0,0.0,3.0,0.0,0.0,2.0,1.0,0.667,1.0,0.0,0.0,0.0,0.0,0%,56.0,64.0,51.0,0.0,0.0,0.0,2.0,3.6,3.8,4.0,70.0,2.0,1.0,0.0,0.0,87.0,16,Jason Vargas,Kansas City Royals,L,34,13,13,64.0,49,15,9,69,32,30,276,17.8%,5.4%,0.299,4.22,4.15,97,100,6.89,2.11,1.27,98,0.8
Vince Velasquez,velasvi01,24.0,PHI,131.0,24.0,24.0,8.0,6.0,10.0,2.0,1.0,11.0,13.0,0.458,2.0,2.0,1.0,1.0,9.0,38%,52.8,97.0,10.0,10.0,2.0,0.0,12.0,3.5,3.3,5.5,92.0,2.0,13.0,9.0,0.0,113.0,4,Vince Velasquez,Philadelphia Phillies,R,25,25,25,139.7,163,42,20,129,63,59,590,27.6%,7.1%,0.299,3.8,3.62,92,85,10.5,2.71,1.29,103,2.2
Justin Verlander,verlaju01,33.0,DET,227.2,34.0,34.0,16.0,9.0,9.0,1.0,4.0,20.0,14.0,0.588,3.0,4.0,2.0,0.0,27.0,79%,61.6,84.0,15.0,15.0,8.0,0.0,14.0,4.0,3.9,6.7,108.0,0.0,4.0,29.0,1.0,121.0,23,Justin Verlander,Detroit Tigers,R,34,26,26,169.3,162,45,20,153,74,69,706,22.9%,6.4%,0.281,3.67,3.6,86,85,8.61,2.39,1.06,113,3.5
Edinson Volquez,volqued01,32.0,KCR,189.1,34.0,34.0,10.0,11.0,13.0,2.0,1.0,17.0,17.0,0.5,0.0,8.0,0.0,0.0,14.0,41%,45.0,72.0,-12.0,27.0,10.0,0.0,13.0,4.4,3.8,5.6,95.0,3.0,15.0,16.0,0.0,115.0,6,Edinson Volquez,Miami Marlins,R,33,29,29,168.3,125,66,18,165,85,79,736,17.0%,9.0%,0.28300000000000003,4.22,4.38,103,108,6.68,3.53,0.96,94,1.7
Michael Wacha,wachami01,24.0,STL,138.0,27.0,24.0,7.0,7.0,10.0,2.0,4.0,14.0,10.0,0.583,1.0,8.0,0.0,0.0,13.0,54%,48.3,73.0,14.0,7.0,2.0,0.0,12.0,5.1,3.9,5.5,92.0,1.0,16.0,7.0,0.0,114.0,15,Michael Wacha,Louis Cardinals,R,25,25,24,138.3,117,45,16,137,68,64,597,19.6%,7.5%,0.29100000000000004,4.16,3.95,102,96,7.61,2.93,1.04,95,1.6
Adam Wainwright,wainwad01,34.0,STL,198.2,33.0,33.0,13.0,9.0,11.0,6.0,3.0,22.0,11.0,0.667,3.0,8.0,1.0,1.0,18.0,55%,49.0,84.0,15.0,11.0,2.0,0.0,17.0,5.7,4.4,6.0,97.0,3.0,17.0,12.0,1.0,120.0,8,Adam Wainwright,Louis Cardinals,R,35,24,24,149.3,115,40,16,151,71,66,639,18.0%,6.3%,0.29100000000000004,3.98,3.86,97,94,6.93,2.41,0.96,100,2.1
Taijuan Walker,walketa01,23.0,SEA,134.1,25.0,25.0,8.0,11.0,6.0,2.0,1.0,11.0,14.0,0.44,2.0,1.0,1.0,1.0,9.0,36%,51.0,92.0,19.0,18.0,6.0,0.0,12.0,3.6,4.1,5.4,92.0,5.0,7.0,13.0,0.0,118.0,12,Taijuan Walker,Arizona Diamondbacks,R,24,28,28,155.3,138,42,24,151,79,74,659,20.9%,6.4%,0.285,4.29,4.37,98,104,8.0,2.43,1.39,97,1.9
Luke Weaver,weavelu01,22.0,STL,36.1,9.0,8.0,1.0,4.0,3.0,0.0,1.0,3.0,5.0,0.375,0.0,2.0,0.0,0.0,3.0,38%,48.3,69.0,18.0,2.0,1.0,0.0,4.0,3.4,2.8,4.5,81.0,2.0,5.0,1.0,0.0,101.0,4,Luke Weaver,Louis Cardinals,R,23,22,21,115.7,99,28,13,116,55,51,491,20.2%,5.7%,0.298,3.97,3.82,97,92,7.7,2.18,1.01,100,1.6
Ryan Weber,weberry01,25.0,ATL,36.1,16.0,2.0,0.0,1.0,1.0,0.0,0.0,1.0,1.0,0.5,0.0,1.0,0.0,0.0,0.0,0%,38.0,48.0,28.0,1.0,1.0,0.0,1.0,4.0,1.1,4.0,65.0,2.0,0.0,0.0,0.0,72.0,0,Ryan Weber,Seattle Mariners,R,26,39,10,103.7,65,19,14,118,57,53,448,14.5%,4.2%,0.301,4.6,4.24,114,103,5.64,1.65,1.22,83,0.1
Rob Whalen,whalero01,22.0,ATL,24.2,5.0,5.0,1.0,2.0,2.0,1.0,1.0,3.0,2.0,0.6,0.0,2.0,0.0,0.0,2.0,40%,46.6,61.0,36.0,2.0,0.0,0.0,1.0,5.2,3.6,4.9,90.0,1.0,3.0,1.0,0.0,112.0,0,Rob Whalen,Seattle Mariners,R,23,23,23,120.7,102,53,17,125,71,66,540,18.9%,9.8%,0.3,4.92,4.74,122,115,7.61,3.95,1.27,78,0.0
Trevor Williams,willitr01,24.0,PIT,12.2,7.0,1.0,0.0,0.0,1.0,0.0,0.0,1.0,0.0,1.0,0.0,0.0,0.0,0.0,0.0,0%,41.0,41.0,41.0,6.0,1.0,0.0,1.0,7.0,10.8,4.0,56.0,1.0,0.0,0.0,0.0,56.0,11,Trevor Williams,Pittsburgh Pirates,R,25,26,23,125.7,81,40,16,141,70,65,558,14.5%,7.2%,0.301,4.66,4.63,116,114,5.8,2.86,1.15,82,0.4
Tyler Wilson,wilsoty01,26.0,BAL,94.0,24.0,13.0,4.0,6.0,3.0,2.0,3.0,6.0,7.0,0.462,1.0,1.0,0.0,0.0,6.0,46%,43.9,81.0,9.0,6.0,1.0,1.0,6.0,5.9,5.7,5.6,87.0,3.0,9.0,1.0,0.0,100.0,1,Tyler Wilson,Baltimore Orioles,R,27,27,21,123.3,84,31,20,138,73,68,539,15.6%,5.8%,0.29600000000000004,4.96,4.7,116,109,6.13,2.26,1.46,82,0.3
Matt Wisler,wislema01,23.0,ATL,156.2,27.0,26.0,7.0,13.0,6.0,2.0,5.0,9.0,17.0,0.34600000000000003,0.0,3.0,0.0,0.0,15.0,58%,48.2,82.0,14.0,15.0,6.0,1.0,11.0,3.8,3.1,6.0,94.0,5.0,11.0,10.0,0.0,116.0,0,Matt Wisler,Atlanta Braves,R,24,30,29,170.7,129,50,25,177,93,87,739,17.5%,6.8%,0.287,4.59,4.49,111,111,6.8,2.64,1.32,86,1.0
Vance Worley,worleva01,28.0,BAL,86.2,35.0,4.0,1.0,1.0,2.0,1.0,0.0,3.0,1.0,0.75,1.0,1.0,0.0,0.0,1.0,25%,49.3,59.0,44.0,7.0,0.0,1.0,1.0,5.7,3.3,5.5,89.0,1.0,2.0,1.0,0.0,102.0,2,Vance Worley,Baltimore Orioles,R,29,31,11,105.3,74,29,15,114,55,51,459,16.1%,6.3%,0.294,4.36,4.46,102,103,6.32,2.48,1.28,94,0.9
Steven Wright,wrighst01,31.0,BOS,156.2,24.0,24.0,13.0,6.0,5.0,3.0,4.0,15.0,9.0,0.625,0.0,3.0,4.0,1.0,15.0,63%,54.8,89.0,13.0,11.0,4.0,0.0,9.0,6.0,6.0,6.5,104.0,1.0,7.0,15.0,1.0,122.0,1,Steven Wright,Boston Red Sox,R,32,21,18,122.0,95,42,15,125,58,54,533,17.8%,7.9%,0.293,3.98,4.3,90,103,7.01,3.1,1.11,106,2.0
Gabriel Ynoa,ynoaga01,23.0,NYM,18.1,10.0,3.0,0.0,0.0,3.0,0.0,0.0,2.0,1.0,0.667,0.0,2.0,0.0,0.0,0.0,0%,49.3,59.0,38.0,6.0,2.0,0.0,2.0,5.4,2.5,3.8,57.0,3.0,0.0,0.0,0.0,76.0,1,Gabriel Ynoa,New York Mets,R,24,30,25,154.0,87,41,23,172,92,86,675,12.9%,6.1%,0.289,5.03,4.95,127,119,5.08,2.4,1.34,75,-0.5
Henderson Alvarez III,alvarhe01,,,,,,,,,,,,,,,,,,,,,,,,,,,,,,,,,,,,0,Henderson Alvarez,Oakland Athletics,R,27,15,15,73.0,42,18,10,84,39,36,321,13.1%,5.6%,0.298,4.44,4.56,110,111,5.18,2.22,1.23,89,0.6
Jayson Aquino,aquinja01,,,,,,,,,,,,,,,,,,,,,,,,,,,,,,,,,,,,1,Jayson Aquino,Baltimore Orioles,L,24,26,20,123.7,71,39,20,145,79,74,555,12.8%,7.0%,0.299,5.39,5.18,125,119,5.17,2.84,1.46,76,-0.4
Anthony Banda,bandaan01,,,,,,,,,,,,,,,,,,,,,,,,,,,,,,,,,,,,1,Anthony Banda,Arizona Diamondbacks,L,23,26,26,141.7,118,51,18,147,75,70,623,18.9%,8.2%,0.301,4.45,4.4,102,104,7.49,3.24,1.14,94,1.5
Joe Biagini,biagijo01,,,,,,,,,,,,,,,,,,,,,,,,,,,,,,,,,,,,5,Joe Biagini,Toronto Blue Jays,R,27,60,0,66.7,63,20,8,67,30,28,287,21.9%,7.0%,0.307,3.78,3.81,88,90,8.5,2.7,1.08,109,0.5
Austin Bibens-Dirkx,bibenau01,,,,,,,,,,,,,,,,,,,,,,,,,,,,,,,,,,,,2,Austin Bibens-Dirkx,Texas Rangers,R,32,22,15,88.3,63,29,18,105,60,56,399,15.8%,7.3%,0.306,5.71,5.48,130,129,6.42,2.95,1.83,74,-0.5
Paul Blackburn,blackpa01,,,,,,,,,,,,,,,,,,,,,,,,,,,,,,,,,,,,5,Paul Blackburn,Oakland Athletics,R,23,24,23,118.0,72,35,16,138,68,64,527,13.7%,6.6%,0.307,4.88,4.69,121,114,5.49,2.67,1.22,81,0.3
Michael Blazek,blazemi01,,,,,,,,,,,,,,,,,,,,,,,,,,,,,,,,,,,,0,Michael Blazek,Milwaukee Brewers,R,28,51,0,54.7,48,26,7,54,29,27,244,19.7%,10.7%,0.292,4.45,4.52,104,104,7.9,4.28,1.15,92,-0.1
Lisalverto Bonilla,bonilli01,,,,,,,,,,,,,,,,,,,,,,,,,,,,,,,,,,,,1,Lisalverto Bonilla,Pittsburgh Pirates,R,27,38,9,95.0,91,38,10,92,46,43,415,21.9%,9.2%,0.303,4.07,3.93,102,97,8.62,3.6,0.95,94,0.7
Parker Bridwell,bridwpa01,,,,,,,,,,,,,,,,,,,,,,,,,,,,,,,,,,,,13,Parker Bridwell,Baltimore Orioles,R,25,24,14,89.7,74,49,17,99,65,61,417,17.7%,11.8%,0.301,6.12,5.73,143,132,7.43,4.92,1.71,67,-1.1
Miguel Castro,castrmi01,,,,,,,,,,,,,,,,,,,,,,,,,,,,,,,,,,,,0,Miguel Castro,Colorado Rockies,R,22,42,0,43.0,37,18,6,49,22,21,196,18.9%,9.2%,0.32299999999999995,4.4,4.54,89,101,7.74,3.77,1.26,107,0.3
Jesse Chavez,chaveje01,,,,,,,,,,,,,,,,,,,,,,,,,,,,,,,,,,,,7,Jesse Chavez,Los Angeles Angels,R,33,23,21,134.3,115,36,18,135,66,62,574,20.0%,6.3%,0.29100000000000004,4.15,3.92,104,96,7.71,2.41,1.21,93,1.2
Alex Claudio,claudal01,,,,,,,,,,,,,,,,,,,,,,,,,,,,,,,,,,,,0,Alex Claudio,Texas Rangers,L,25,52,0,67.0,49,15,6,70,28,26,286,17.1%,5.2%,0.3,3.49,3.57,80,84,6.58,2.01,0.81,121,0.8
Dylan Covey,coveydy01,,,,,,,,,,,,,,,,,,,,,,,,,,,,,,,,,,,,1,Dylan Covey,Chicago White Sox,R,25,17,17,83.3,49,42,13,97,58,54,389,12.6%,10.8%,0.3,5.83,5.65,137,130,5.29,4.54,1.4,71,-0.5
Tyler Danish,danisty01,,,,,,,,,,,,,,,,,,,,,,,,,,,,,,,,,,,,0,Tyler Danish,Chicago White Sox,R,22,23,20,114.7,69,44,17,137,75,70,525,13.1%,8.4%,0.308,5.49,5.11,129,118,5.41,3.45,1.33,75,-0.2
Randall Delgado,delgara01,,,,,,,,,,,,,,,,,,,,,,,,,,,,,,,,,,,,0,Randall Delgado,Arizona Diamondbacks,R,27,72,0,73.7,71,33,9,71,34,32,325,21.8%,10.2%,0.294,3.91,4.15,89,98,8.67,4.03,1.1,107,0.5
Odrisamer Despaigne,despaod01,,,,,,,,,,,,,,,,,,,,,,,,,,,,,,,,,,,,5,Odrisamer Despaigne,Miami Marlins,R,30,30,17,114.0,75,41,12,116,64,60,499,15.0%,8.2%,0.285,4.74,4.45,116,110,5.92,3.24,0.95,84,0.3
Dietrich Enns,ennsdi01,,,,,,,,,,,,,,,,,,,,,,,,,,,,,,,,,,,,0,Dietrich Enns,New York Yankees,L,26,20,15,81.0,70,42,11,82,46,43,367,19.1%,11.4%,0.297,4.78,4.88,112,112,7.78,4.67,1.22,85,0.4
Paolo Espino,espinpa01,,,,,,,,,,,,,,,,,,,,,,,,,,,,,,,,,,,,0,Paolo Espino,Milwaukee Brewers,R,30,24,21,128.0,106,31,23,135,71,66,550,19.3%,5.6%,0.292,4.64,4.73,108,109,7.45,2.18,1.62,88,0.9
Jake Faria,fariaja01,,,,,,,,,,,,,,,,,,,,,,,,,,,,,,,,,,,,9,Jacob Faria,Tampa Bay Rays,R,23,25,24,131.3,124,66,17,125,73,68,585,21.2%,11.3%,0.29100000000000004,4.66,4.57,114,112,8.5,4.52,1.17,85,0.6
Luke Farrell,farrelu01,,,,,,,,,,,,,,,,,,,,,,,,,,,,,,,,,,,,0,Luke Farrell,Kansas City Royals,R,26,23,17,102.3,75,46,16,112,61,57,465,16.1%,9.9%,0.298,5.01,5.2,116,125,6.6,4.05,1.41,83,0.1
Erick Fedde,feddeer01,,,,,,,,,,,,,,,,,,,,,,,,,,,,,,,,,,,,0,Erick Fedde,Washington Nationals,R,24,24,23,121.3,105,34,16,123,60,56,521,20.2%,6.5%,0.298,4.15,4.18,99,101,7.79,2.52,1.19,97,1.5
Chris Flexen,flexech01,,,,,,,,,,,,,,,,,,,,,,,,,,,,,,,,,,,,1,Chris Flexen,New York Mets,R,22,21,19,100.0,68,46,13,105,60,56,451,15.1%,10.2%,0.289,5.04,5.08,127,122,6.12,4.14,1.17,74,-0.3
Kyle Freeland,freelky01,,,,,,,,,,,,,,,,,,,,,,,,,,,,,,,,,,,,13,Kyle Freeland,Colorado Rockies,L,24,20,20,111.3,65,35,20,138,72,67,507,12.8%,6.9%,0.31,5.42,5.46,110,121,5.25,2.83,1.62,87,0.8
Max Fried,friedma01,,,,,,,,,,,,,,,,,,,,,,,,,,,,,,,,,,,,0,Max Fried,Atlanta Braves,L,23,17,17,77.0,58,46,10,80,46,43,357,16.2%,12.9%,0.294,5.03,5.32,122,131,6.78,5.38,1.17,78,0.0
Carson Fulmer,fulmeca01,,,,,,,,,,,,,,,,,,,,,,,,,,,,,,,,,,,,2,Carson Fulmer,Chicago White Sox,R,23,28,20,106.0,100,69,20,113,78,73,500,20.0%,13.8%,0.307,6.2,5.85,146,135,8.49,5.86,1.7,67,-1.2
Onelki Garcia,garcion01,,,,,,,,,,,,,,,,,,,,,,,,,,,,,,,,,,,,0,Onelki Garcia,Kansas City Royals,L,27,19,2,33.7,34,14,4,32,16,15,147,23.1%,9.5%,0.301,4.01,4.06,93,97,9.08,3.74,1.07,103,0.3
Amir Garrett,garream01,,,,,,,,,,,,,,,,,,,,,,,,,,,,,,,,,,,,6,Amir Garrett,Cincinnati Reds,L,25,24,24,123.3,110,68,18,121,73,68,559,19.7%,12.2%,0.289,4.96,5.1,118,119,8.03,4.96,1.31,81,0.2
Sam Gaviglio,gavigsa01,,,,,,,,,,,,,,,,,,,,,,,,,,,,,,,,,,,,4,Sam Gaviglio,Seattle Mariners,R,27,24,22,129.0,89,38,20,145,79,74,570,15.6%,6.7%,0.3,5.16,4.79,128,116,6.21,2.65,1.4,74,-0.4
Daniel Gossett,gosseda01,,,,,,,,,,,,,,,,,,,,,,,,,,,,,,,,,,,,7,Daniel Gossett,Oakland Athletics,R,24,26,26,135.0,100,55,17,146,78,73,606,16.5%,9.1%,0.304,4.87,4.68,120,114,6.67,3.67,1.13,81,0.4
Chris Heston,hestoch01,,,,,,,,,,,,,,,,,,,,,,,,,,,,,,,,,,,,0,Chris Heston,Seattle Mariners,R,29,27,26,146.0,114,53,19,153,80,75,644,17.7%,8.2%,0.299,4.62,4.47,114,108,7.03,3.27,1.17,83,0.6
David Holmberg,holmbda01,,,,,,,,,,,,,,,,,,,,,,,,,,,,,,,,,,,,0,David Holmberg,Chicago White Sox,L,25,26,25,136.7,85,51,25,161,93,87,622,13.7%,8.2%,0.3,5.73,5.51,135,127,5.6,3.36,1.65,72,-0.6
Myles Jaye,jayemy01,,,,,,,,,,,,,,,,,,,,,,,,,,,,,,,,,,,,0,Myles Jaye,Detroit Tigers,R,25,26,26,140.7,86,49,23,163,91,85,634,13.6%,7.7%,0.299,5.44,5.2,128,122,5.5,3.13,1.47,76,-0.1
Jeremy Jeffress,jeffrje01,,,,,,,,,,,,,,,,,,,,,,,,,,,,,,,,,,,,0,Jeremy Jeffress,Texas Rangers,R,29,63,0,62.3,52,21,5,64,25,23,272,19.1%,7.7%,0.311,3.32,3.49,76,82,7.51,3.03,0.72,127,0.9
Felix Jorge,jorgefe01,,,,,,,,,,,,,,,,,,,,,,,,,,,,,,,,,,,,0,Felix Jorge,Minnesota Twins,R,23,24,24,138.7,83,34,24,167,89,83,617,13.5%,5.5%,0.305,5.39,5.07,126,119,5.39,2.21,1.56,77,0.0
Jakob Junis,junisja01,,,,,,,,,,,,,,,,,,,,,,,,,,,,,,,,,,,,7,Jake Junis,Kansas City Royals,R,24,27,27,142.3,100,36,24,161,85,79,624,16.0%,5.8%,0.3,5.0,4.8,115,115,6.32,2.28,1.52,83,0.3
Kyle Kendrick,kendrky01,,,,,,,,,,,,,,,,,,,,,,,,,,,,,,,,,,,,0,Kyle Kendrick,Los Angeles Angels,R,32,22,22,123.0,73,32,19,137,73,68,538,13.6%,5.9%,0.289,4.98,4.83,125,118,5.34,2.34,1.39,77,-0.2
Dinelson Lamet,lametdi01,,,,,,,,,,,,,,,,,,,,,,,,,,,,,,,,,,,,10,Dinelson Lamet,San Diego Padres,R,24,27,27,135.0,127,68,15,130,70,65,603,21.1%,11.3%,0.299,4.33,4.44,108,107,8.47,4.53,1.0,86,0.8
Casey Lawrence,lawreca01,,,,,,,,,,,,,,,,,,,,,,,,,,,,,,,,,,,,0,Casey Lawrence,Toronto Blue Jays,R,29,25,24,142.3,82,37,22,171,88,82,635,12.9%,5.8%,0.307,5.19,4.91,121,116,5.19,2.34,1.39,80,0.1
Artie Lewicki,lewicar01,,,,,,,,,,,,,,,,,,,,,,,,,,,,,,,,,,,,0,Artie Lewicki,Detroit Tigers,R,25,18,16,89.7,62,30,14,102,56,52,401,15.5%,7.5%,0.303,5.22,4.92,123,116,6.22,3.01,1.4,79,0.1
Ben Lively,livelbe01,,,,,,,,,,,,,,,,,,,,,,,,,,,,,,,,,,,,10,Ben Lively,Philadelphia Phillies,R,25,26,26,141.0,119,49,23,144,82,77,616,19.3%,8.0%,0.29,4.91,4.83,119,114,7.6,3.13,1.47,79,0.2
Kyle Lloyd,lloydky01,,,,,,,,,,,,,,,,,,,,,,,,,,,,,,,,,,,,0,Kyle Lloyd,San Diego Padres,R,26,28,19,117.3,93,49,17,126,71,66,527,17.7%,9.3%,0.302,5.06,4.92,126,119,7.14,3.76,1.3,73,-0.5
Lance Lynn,lynnla01,,,,,,,,,,,,,,,,,,,,,,,,,,,,,,,,,,,,18,Lance Lynn,Louis Cardinals,R,30,18,18,98.0,87,38,10,95,44,41,427,20.4%,8.9%,0.294,3.77,3.93,92,95,7.99,3.49,0.92,105,1.6
Tyler Mahle,mahlety01,,,,,,,,,,,,,,,,,,,,,,,,,,,,,,,,,,,,1,Tyler Mahle,Cincinnati Reds,R,22,27,26,141.3,115,40,24,152,78,73,616,18.7%,6.5%,0.298,4.65,4.79,110,111,7.32,2.55,1.53,86,0.8
Francis Martes,martefr01,,,,,,,,,,,,,,,,,,,,,,,,,,,,,,,,,,,,0,Francis Martes,Houston Astros,R,21,23,21,115.3,96,51,13,119,63,59,516,18.6%,9.9%,0.303,4.6,4.39,112,105,7.49,3.98,1.01,87,0.7
T.J. McFarland,mcfartj01,,,,,,,,,,,,,,,,,,,,,,,,,,,,,,,,,,,,0,T.J. McFarland,Baltimore Orioles,L,28,35,7,67.0,36,22,9,79,42,39,302,11.9%,7.3%,0.302,5.24,4.76,122,110,4.84,2.96,1.21,78,-0.3
Adalberto Mejia,mejiaad01,,,,,,,,,,,,,,,,,,,,,,,,,,,,,,,,,,,,3,Adalberto Mejia,Minnesota Twins,L,24,19,18,97.7,80,30,16,109,57,53,432,18.5%,6.9%,0.309,4.88,4.67,114,110,7.37,2.76,1.47,85,0.6
Jordan Montgomery,montgjo01,,,,,,,,,,,,,,,,,,,,,,,,,,,,,,,,,,,,10,Jordan Montgomery,New York Yankees,L,24,24,24,125.7,106,49,19,131,73,68,557,19.0%,8.8%,0.298,4.87,4.72,115,108,7.59,3.51,1.36,83,0.5
Sean Newcomb,newcose01,,,,,,,,,,,,,,,,,,,,,,,,,,,,,,,,,,,,7,Sean Newcomb,Atlanta Braves,L,24,27,27,124.0,128,82,15,115,67,63,569,22.5%,14.4%,0.298,4.57,4.87,111,120,9.29,5.95,1.09,86,0.7
Chris O'Grady,ogradch01,,,,,,,,,,,,,,,,,,,,,,,,,,,,,,,,,,,,1,Chris Oâ€™Grady,Los Angeles Angels,L,27,42,5,78.7,56,22,10,83,42,39,341,16.4%,6.4%,0.293,4.46,4.33,112,106,6.4,2.52,1.14,86,-0.1
Dillon Peters,peterdi01,,,,,,,,,,,,,,,,,,,,,,,,,,,,,,,,,,,,2,Dillon Peters,Miami Marlins,L,24,21,21,112.3,74,31,14,120,58,54,488,15.2%,6.4%,0.293,4.33,4.5,106,111,5.93,2.48,1.12,92,1.0
Tyler Pill,pillty01,,,,,,,,,,,,,,,,,,,,,,,,,,,,,,,,,,,,0,Tyler Pill,New York Mets,R,27,24,23,132.0,96,42,20,140,80,75,578,16.6%,7.3%,0.29100000000000004,5.11,4.82,129,115,6.55,2.86,1.36,73,-0.6
Nick Pivetta,pivetni01,,,,,,,,,,,,,,,,,,,,,,,,,,,,,,,,,,,,8,Nick Pivetta,Philadelphia Phillies,R,24,26,26,135.7,128,54,21,132,74,69,593,21.6%,9.1%,0.29,4.58,4.66,111,110,8.49,3.58,1.39,85,0.8
Austin Pruitt,pruitau01,,,,,,,,,,,,,,,,,,,,,,,,,,,,,,,,,,,,4,Austin Pruitt,Tampa Bay Rays,R,27,26,25,142.0,101,34,21,154,79,74,614,16.4%,5.5%,0.295,4.69,4.47,115,110,6.4,2.15,1.33,84,0.6
JC Ramirez,ramirjc01,,,,,,,,,,,,,,,,,,,,,,,,,,,,,,,,,,,,11,J.C. Ramirez,Los Angeles Angels,R,28,60,0,68.3,54,24,8,69,34,32,298,18.1%,8.1%,0.292,4.21,4.15,105,102,7.12,3.16,1.05,91,-0.2
Sal Romano,romansa01,,,,,,,,,,,,,,,,,,,,,,,,,,,,,,,,,,,,5,Sal Romano,Cincinnati Reds,R,23,26,26,137.7,103,46,22,148,83,78,607,17.0%,7.6%,0.294,5.1,4.9,121,114,6.73,3.01,1.44,78,0.0
Troy Scribner,scribtr01,,,,,,,,,,,,,,,,,,,,,,,,,,,,,,,,,,,,0,Troy Scribner,Los Angeles Angels,R,25,24,18,99.3,85,56,15,101,63,59,455,18.7%,12.3%,0.293,5.35,5.2,134,127,7.7,5.08,1.36,72,-0.7
Antonio Senzatela,senzaan01,,,,,,,,,,,,,,,,,,,,,,,,,,,,,,,,,,,,7,Antonio Senzatela,Colorado Rockies,R,22,16,16,81.7,55,27,13,96,49,46,368,14.9%,7.3%,0.31,5.07,5.08,103,113,6.06,2.98,1.43,93,0.9
Lucas Sims,simslu01,,,,,,,,,,,,,,,,,,,,,,,,,,,,,,,,,,,,3,Lucas Sims,Atlanta Braves,R,23,21,21,94.0,93,62,12,89,54,50,433,21.5%,14.3%,0.294,4.79,4.97,116,123,8.9,5.94,1.15,82,0.3
Eric Skoglund,skogler01,,,,,,,,,,,,,,,,,,,,,,,,,,,,,,,,,,,,1,Eric Skoglund,Kansas City Royals,L,24,22,22,118.3,78,33,18,132,66,62,520,15.0%,6.3%,0.297,4.72,4.75,109,114,5.93,2.51,1.37,88,0.7
Aaron Slegers,slegeaa01,,,,,,,,,,,,,,,,,,,,,,,,,,,,,,,,,,,,1,Aaron Slegers,Minnesota Twins,R,24,24,24,131.0,79,45,21,155,86,80,593,13.3%,7.6%,0.304,5.5,5.17,128,122,5.43,3.09,1.44,75,-0.2
Jackson Stephens,stephja01,,,,,,,,,,,,,,,,,,,,,,,,,,,,,,,,,,,,1,Jackson Stephens,Cincinnati Reds,R,23,25,25,144.0,112,44,19,149,77,72,625,17.9%,7.0%,0.294,4.5,4.43,107,103,7.0,2.75,1.19,89,1.1
Matt Strahm,strahma01,,,,,,,,,,,,,,,,,,,,,,,,,,,,,,,,,,,,0,Matt Strahm,Kansas City Royals,L,25,36,17,110.3,106,33,17,112,55,51,476,22.3%,6.9%,0.303,4.16,4.22,96,101,8.65,2.69,1.39,100,1.2
Chris Stratton,stratch01,,,,,,,,,,,,,,,,,,,,,,,,,,,,,,,,,,,,5,Chris Stratton,San Francisco Giants,R,26,25,22,125.0,95,53,14,130,68,64,558,17.0%,9.5%,0.298,4.61,4.54,116,115,6.84,3.82,1.01,81,0.1
Jen-Ho Tseng,tsengje01,,,,,,,,,,,,,,,,,,,,,,,,,,,,,,,,,,,,0,Jen-Ho Tseng,Chicago Cubs,R,22,22,22,114.3,68,38,19,132,75,70,513,13.3%,7.4%,0.29600000000000004,5.51,5.31,133,127,5.35,2.99,1.5,71,-0.9
Nik Turley,turleni01,,,,,,,,,,,,,,,,,,,,,,,,,,,,,,,,,,,,0,Nik Turley,Minnesota Twins,L,27,19,10,59.3,50,42,12,67,46,43,287,17.4%,14.6%,0.306,6.52,6.33,152,149,7.59,6.37,1.82,63,-0.9
Cesar Valdez,valdece01,,,,,,,,,,,,,,,,,,,,,,,,,,,,,,,,,,,,1,Cesar Valdez,Oakland Athletics,R,32,22,17,110.0,76,18,14,121,56,52,469,16.1%,3.8%,0.301,4.25,3.92,105,95,6.19,1.46,1.1,93,1.1
Drew VerHagen,verhadr01,,,,,,,,,,,,,,,,,,,,,,,,,,,,,,,,,,,,0,Drew VerHagen,Detroit Tigers,R,26,33,0,42.0,27,18,5,46,24,22,190,14.2%,9.5%,0.297,4.71,4.65,111,110,5.79,3.86,1.07,88,-0.1
Chris Volstad,volstch01,,,,,,,,,,,,,,,,,,,,,,,,,,,,,,,,,,,,1,Chris Volstad,Chicago White Sox,R,30,25,24,140.3,73,44,20,166,89,83,631,11.6%,7.0%,0.3,5.32,4.99,125,115,4.68,2.82,1.28,78,0.1
Zack Wheeler,wheelza01,,,,,,,,,,,,,,,,,,,,,,,,,,,,,,,,,,,,6,Zack Wheeler,New York Mets,R,27,17,17,97.0,85,42,11,95,48,45,428,19.9%,9.8%,0.295,4.18,4.33,105,104,7.89,3.9,1.02,90,0.8
Adam Wilk,wilkad01,,,,,,,,,,,,,,,,,,,,,,,,,,,,,,,,,,,,0,Adam Wilk,Tampa Bay Rays,L,29,21,19,113.0,79,31,17,124,64,60,494,16.0%,6.3%,0.29600000000000004,4.78,4.62,117,113,6.29,2.47,1.35,83,0.3
Adam Wilk,wilkad01,,,,,,,,,,,,,,,,,,,,,,,,,,,,,,,,,,,,0,Adam Wilk,New York Mets,L,29,21,19,113.0,79,31,19,123,68,64,493,16.0%,6.3%,0.29100000000000004,5.1,4.93,129,118,6.29,2.47,1.51,74,-0.5
Aaron Wilkerson,wilkeaa01,,,,,,,,,,,,,,,,,,,,,,,,,,,,,,,,,,,,1,Aaron Wilkerson,Milwaukee Brewers,R,28,27,23,130.0,123,46,18,128,68,64,564,21.8%,8.2%,0.297,4.43,4.32,103,100,8.52,3.18,1.25,92,1.3
Travis Wood,woodtr01,,,,,,,,,,,,,,,,,,,,,,,,,,,,,,,,,,,,3,Travis Wood,Chicago Cubs,L,30,73,0,61.0,58,24,7,53,25,23,260,22.3%,9.2%,0.271,3.39,3.91,82,94,8.56,3.54,1.03,116,0.5
Brandon Woodruff,woodrbr01,,,,,,,,,,,,,,,,,,,,,,,,,,,,,,,,,,,,3,Brandon Woodruff,Milwaukee Brewers,R,24,26,25,132.7,118,45,16,131,67,63,574,20.6%,7.8%,0.29600000000000004,4.27,4.15,99,96,8.0,3.05,1.09,95,1.6
Brett Anderson,anderbr04,28.0,LAD,11.1,4.0,3.0,0.0,2.0,1.0,0.0,0.0,1.0,2.0,0.333,0.0,1.0,0.0,0.0,0.0,0%,26.0,40.0,16.0,3.0,1.0,0.0,3.0,3.8,0.9,3.0,53.0,3.0,0.0,0.0,0.0,72.0,3,Brett Anderson,Los Angeles Dodgers,L,29,15,14,79.0,53,21,10,85,42,39,343,15.5%,6.1%,0.29100000000000004,4.44,4.29,112,105,6.04,2.39,1.14,85,0.4
Homer Bailey,baileho02,30.0,CIN,23.0,6.0,6.0,2.0,3.0,1.0,1.0,0.0,3.0,3.0,0.5,0.0,1.0,0.0,0.0,1.0,17%,42.5,76.0,14.0,5.0,2.0,0.0,4.0,4.6,3.8,3.8,76.0,3.0,2.0,1.0,0.0,102.0,7,Homer Bailey,Cincinnati Reds,R,31,15,15,88.0,75,27,12,90,47,44,381,19.7%,7.1%,0.297,4.5,4.28,107,100,7.67,2.76,1.23,89,0.6
Wei-Yin Chen,chenwe02,30.0,MIA,123.1,22.0,22.0,5.0,5.0,12.0,1.0,2.0,13.0,9.0,0.591,6.0,4.0,0.0,0.0,9.0,41%,48.6,71.0,18.0,17.0,11.0,0.0,10.0,4.8,4.8,5.6,87.0,5.0,13.0,4.0,0.0,105.0,3,Wei-Yin Chen,Miami Marlins,L,31,25,25,147.0,117,31,19,146,65,61,618,18.9%,5.0%,0.28300000000000003,3.73,3.97,91,98,7.16,1.9,1.16,106,2.4
Zach Davies,davieza02,23.0,MIL,163.1,28.0,28.0,11.0,7.0,10.0,4.0,1.0,15.0,13.0,0.536,3.0,4.0,0.0,0.0,15.0,54%,51.8,85.0,16.0,19.0,8.0,0.0,16.0,4.5,3.7,5.8,92.0,3.0,20.0,5.0,0.0,105.0,15,Zach Davies,Milwaukee Brewers,R,24,30,30,169.3,146,48,20,167,80,75,723,20.2%,6.6%,0.292,3.99,3.95,93,91,7.76,2.55,1.06,102,2.6
R.A. Dickey,dicker.01,41.0,TOR,169.2,30.0,29.0,10.0,14.0,5.0,4.0,4.0,12.0,17.0,0.414,0.0,2.0,0.0,0.0,13.0,45%,49.0,81.0,22.0,25.0,7.0,1.0,15.0,4.0,4.1,5.8,94.0,3.0,16.0,10.0,0.0,111.0,18,R.A. Dickey,Atlanta Braves,R,42,26,25,154.0,106,55,20,151,82,77,668,15.9%,8.2%,0.273,4.5,4.71,109,116,6.19,3.21,1.17,88,1.1
Jaime Garcia,garcija02,29.0,STL,171.2,32.0,30.0,10.0,13.0,7.0,2.0,2.0,14.0,16.0,0.467,4.0,2.0,1.0,1.0,10.0,33%,49.0,97.0,16.0,23.0,11.0,1.0,15.0,4.2,4.6,5.5,83.0,8.0,19.0,3.0,0.0,110.0,11,Jaime Garcia,Atlanta Braves,L,30,23,22,127.3,113,37,17,126,61,57,545,20.7%,6.8%,0.292,4.03,4.11,98,102,7.99,2.62,1.2,98,1.6
Jaime Garcia,garcija02,29.0,STL,171.2,32.0,30.0,10.0,13.0,7.0,2.0,2.0,14.0,16.0,0.467,4.0,2.0,1.0,1.0,10.0,33%,49.0,97.0,16.0,23.0,11.0,1.0,15.0,4.2,4.6,5.5,83.0,8.0,19.0,3.0,0.0,110.0,1,Jaime Garcia,Atlanta Braves,L,30,23,22,127.3,113,37,17,126,61,57,545,20.7%,6.8%,0.292,4.03,4.11,98,102,7.99,2.62,1.2,98,1.6
Miguel Gonzalez,gonzami03,32.0,CHW,135.0,24.0,23.0,5.0,8.0,10.0,0.0,5.0,11.0,12.0,0.478,5.0,2.0,0.0,0.0,15.0,65%,51.9,82.0,15.0,18.0,6.0,1.0,13.0,4.1,3.8,5.8,90.0,3.0,14.0,6.0,0.0,114.0,15,Miguel Gonzalez,Chicago White Sox,R,33,25,25,136.0,105,42,21,146,75,70,596,17.6%,7.0%,0.297,4.63,4.63,109,107,6.95,2.78,1.39,89,1.2
Jon Gray,grayjo02,24.0,COL,168.0,29.0,29.0,10.0,10.0,9.0,2.0,3.0,12.0,17.0,0.414,3.0,3.0,1.0,1.0,16.0,55%,52.5,95.0,8.0,9.0,5.0,0.0,15.0,5.6,5.2,5.8,96.0,1.0,19.0,9.0,0.0,115.0,10,Jon Gray,Colorado Rockies,R,25,29,28,155.0,152,53,20,156,77,72,674,22.6%,7.9%,0.309,4.18,4.06,85,90,8.83,3.08,1.16,112,3.2
Chad Green,greench03,25.0,NYY,45.2,12.0,8.0,2.0,4.0,2.0,0.0,1.0,4.0,4.0,0.5,0.0,0.0,0.0,0.0,3.0,38%,45.9,79.0,29.0,5.0,3.0,0.0,6.0,4.3,3.9,4.5,84.0,3.0,4.0,1.0,0.0,104.0,0,Chad Green,New York Yankees,R,26,25,24,128.7,118,41,21,135,72,67,562,21.0%,7.3%,0.303,4.69,4.47,110,102,8.25,2.87,1.47,87,0.8
Junior Guerra,guerrju02,31.0,MIL,121.2,20.0,20.0,9.0,3.0,8.0,2.0,1.0,14.0,6.0,0.7,3.0,2.0,0.0,0.0,12.0,60%,57.8,83.0,36.0,7.0,1.0,0.0,12.0,4.0,4.0,6.1,93.0,3.0,8.0,9.0,0.0,113.0,4,Junior Guerra,Milwaukee Brewers,R,32,22,22,123.0,112,50,18,116,62,58,535,20.9%,9.3%,0.279,4.24,4.54,99,105,8.2,3.66,1.32,96,1.5
Felix Hernandez,hernafe02,30.0,SEA,153.1,25.0,25.0,11.0,8.0,6.0,4.0,3.0,15.0,10.0,0.6,3.0,2.0,0.0,0.0,13.0,52%,52.4,79.0,21.0,14.0,4.0,0.0,13.0,4.3,4.5,6.1,98.0,1.0,10.0,14.0,0.0,117.0,7,Felix Hernandez,Seattle Mariners,R,31,28,28,179.3,171,55,21,164,78,73,757,22.6%,7.3%,0.285,3.66,3.78,91,92,8.58,2.76,1.05,104,3.0
Jeff Hoffman,hoffmje02,23.0,COL,31.1,8.0,6.0,0.0,4.0,2.0,0.0,1.0,0.0,6.0,0.0,1.0,1.0,0.0,0.0,1.0,17%,40.7,64.0,23.0,2.0,1.0,1.0,4.0,4.1,2.8,4.6,83.0,2.0,4.0,0.0,0.0,95.0,7,Jeff Hoffman,Colorado Rockies,R,24,26,25,132.3,113,52,20,142,71,66,591,19.1%,8.8%,0.305,4.49,4.74,91,105,7.69,3.54,1.36,105,2.3
Carlos Martinez,martica04,24.0,STL,195.1,31.0,31.0,16.0,9.0,6.0,3.0,2.0,17.0,14.0,0.5479999999999999,3.0,4.0,0.0,0.0,20.0,65%,57.3,79.0,30.0,8.0,0.0,0.0,16.0,5.1,4.6,6.3,98.0,2.0,13.0,15.0,1.0,122.0,20,Carlos Martinez,Louis Cardinals,R,25,31,31,192.0,182,65,18,174,76,71,815,22.3%,8.0%,0.289,3.33,3.63,81,88,8.53,3.05,0.84,119,4.2
Matt Moore,moorema02,27.0,TOT,198.1,33.0,33.0,13.0,12.0,8.0,2.0,4.0,16.0,17.0,0.485,2.0,3.0,0.0,0.0,18.0,55%,52.8,86.0,14.0,21.0,3.0,0.0,15.0,4.3,4.6,6.0,100.0,3.0,12.0,17.0,1.0,133.0,14,Matt Moore,San Francisco Giants,L,28,22,22,125.0,116,51,13,115,57,53,541,21.4%,9.4%,0.28600000000000003,3.82,3.98,96,100,8.35,3.67,0.94,98,1.5
Charlie Morton,mortoch02,32.0,PHI,17.1,4.0,4.0,1.0,1.0,2.0,0.0,0.0,3.0,1.0,0.75,0.0,1.0,0.0,0.0,2.0,50%,52.3,71.0,28.0,4.0,2.0,0.0,2.0,5.6,2.1,4.3,69.0,2.0,1.0,1.0,0.0,100.0,10,Charlie Morton,Houston Astros,R,33,15,15,84.3,70,30,11,87,46,43,370,18.9%,8.1%,0.303,4.59,4.42,111,106,7.47,3.2,1.17,88,0.6
Jimmy Nelson,nelsoji02,27.0,MIL,179.1,32.0,32.0,8.0,16.0,8.0,1.0,3.0,12.0,20.0,0.375,4.0,3.0,0.0,0.0,13.0,41%,47.4,70.0,16.0,18.0,4.0,0.0,18.0,3.8,3.5,5.6,93.0,1.0,22.0,9.0,0.0,109.0,17,Jimmy Nelson,Milwaukee Brewers,R,28,29,29,170.0,143,64,21,170,88,82,744,19.2%,8.6%,0.297,4.34,4.45,101,103,7.57,3.39,1.11,94,1.9
Luis Perdomo,perdolu02,23.0,SDP,146.2,35.0,20.0,8.0,9.0,3.0,2.0,4.0,11.0,9.0,0.55,0.0,1.0,1.0,0.0,10.0,50%,46.9,71.0,25.0,15.0,0.0,1.0,13.0,4.6,4.9,5.9,91.0,5.0,10.0,5.0,0.0,113.0,16,Luis Perdomo,San Diego Padres,R,24,29,20,132.7,98,44,19,152,80,75,594,16.5%,7.4%,0.312,5.09,4.63,127,112,6.65,2.98,1.29,73,-0.6
Martin Perez,perezma02,25.0,TEX,198.2,33.0,33.0,10.0,11.0,12.0,1.0,2.0,18.0,15.0,0.545,4.0,4.0,0.0,0.0,19.0,58%,47.7,67.0,7.0,14.0,4.0,0.0,14.0,4.4,3.9,6.0,93.0,2.0,21.0,10.0,0.0,108.0,16,Martin Perez,Texas Rangers,L,26,23,23,132.7,79,45,14,146,71,66,589,13.4%,7.6%,0.295,4.48,4.35,102,102,5.36,3.05,0.95,94,1.4
Erasmo Ramirez,ramirer02,26.0,TBR,90.2,64.0,1.0,1.0,0.0,0.0,1.0,0.0,1.0,0.0,1.0,0.0,0.0,0.0,0.0,0.0,0%,67.0,67.0,67.0,15.0,3.0,1.0,0.0,7.9,7.2,5.7,66.0,1.0,0.0,0.0,0.0,66.0,8,Erasmo Ramirez,Tampa Bay Rays,R,27,66,0,86.0,52,25,11,90,42,39,373,13.9%,6.7%,0.281,4.08,4.43,100,109,5.44,2.62,1.15,97,0.1
Robbie Ray,rayro02,24.0,ARI,174.1,32.0,32.0,8.0,15.0,9.0,2.0,1.0,11.0,21.0,0.344,3.0,5.0,0.0,0.0,10.0,31%,49.5,83.0,25.0,21.0,11.0,0.0,14.0,4.2,3.8,5.4,99.0,2.0,10.0,20.0,0.0,116.0,16,Robbie Ray,Arizona Diamondbacks,L,25,32,32,176.3,215,68,21,165,78,73,762,28.2%,8.9%,0.319,3.73,3.5,85,83,10.98,3.47,1.07,112,3.4
Eduardo Rodriguez,rodried05,23.0,BOS,107.0,20.0,20.0,3.0,7.0,10.0,0.0,1.0,8.0,12.0,0.4,4.0,3.0,0.0,0.0,8.0,40%,50.4,83.0,1.0,17.0,7.0,0.0,9.0,4.0,3.2,5.4,93.0,3.0,10.0,7.0,0.0,113.0,12,Eduardo Rodriguez,Boston Red Sox,L,24,27,27,146.7,125,45,19,149,72,67,634,19.7%,7.1%,0.295,4.11,4.09,93,98,7.67,2.76,1.17,103,2.2
CC Sabathia,sabatc.01,35.0,NYY,179.2,30.0,30.0,9.0,12.0,9.0,0.0,5.0,15.0,15.0,0.5,2.0,3.0,0.0,0.0,16.0,53%,52.2,75.0,28.0,22.0,7.0,0.0,16.0,3.8,3.8,6.0,97.0,0.0,17.0,13.0,0.0,116.0,12,CC Sabathia,New York Yankees,L,36,21,21,124.0,103,40,18,130,67,63,542,19.0%,7.4%,0.299,4.57,4.42,108,101,7.48,2.9,1.31,89,1.0
James Shields,shielja02,34.0,TOT,181.2,33.0,33.0,6.0,19.0,8.0,0.0,7.0,9.0,24.0,0.273,3.0,2.0,1.0,0.0,18.0,55%,44.4,74.0,-1.0,17.0,8.0,0.0,15.0,3.4,2.8,5.5,95.0,5.0,10.0,18.0,0.0,117.0,7,James Shields,Chicago White Sox,R,35,28,28,166.0,141,61,28,177,96,90,736,19.2%,8.3%,0.299,4.88,4.81,115,111,7.64,3.31,1.52,85,1.0
Jake Thompson,thompja03,22.0,PHI,53.2,10.0,10.0,3.0,6.0,1.0,2.0,2.0,3.0,7.0,0.3,0.0,1.0,0.0,0.0,3.0,30%,44.9,67.0,21.0,4.0,1.0,0.0,6.0,3.8,2.8,5.4,92.0,1.0,6.0,3.0,0.0,111.0,1,Jake Thompson,Philadelphia Phillies,R,23,27,27,149.3,111,55,23,156,86,80,659,16.8%,8.3%,0.289,4.82,4.97,117,117,6.69,3.31,1.39,81,0.4
Jered Weaver,weaveje02,33.0,LAA,178.0,31.0,31.0,12.0,12.0,7.0,3.0,2.0,16.0,15.0,0.516,2.0,1.0,1.0,1.0,13.0,42%,45.3,81.0,17.0,15.0,4.0,0.0,14.0,4.7,5.4,5.7,91.0,3.0,22.0,6.0,0.0,106.0,4,Jered Weaver,Los Angeles Angels,R,34,26,26,157.0,101,44,23,167,86,80,682,14.8%,6.5%,0.28300000000000003,4.59,4.64,115,114,5.79,2.52,1.32,84,0.5
Alex Wood,woodal02,25.0,LAD,60.1,14.0,10.0,1.0,4.0,5.0,0.0,0.0,3.0,7.0,0.3,3.0,0.0,0.0,0.0,5.0,50%,52.4,71.0,28.0,7.0,4.0,0.0,6.0,3.5,3.3,5.6,93.0,1.0,6.0,3.0,0.0,105.0,15,Alex Wood,Los Angeles Dodgers,L,26,24,20,123.3,104,37,15,121,60,56,528,19.7%,7.0%,0.28800000000000003,4.09,4.03,103,99,7.59,2.7,1.09,93,1.1
Daniel Wright,wrighda04,25.0,TOT,39.2,9.0,7.0,1.0,4.0,2.0,0.0,1.0,2.0,5.0,0.28600000000000003,0.0,1.0,0.0,0.0,2.0,29%,42.3,61.0,27.0,5.0,3.0,0.0,3.0,4.4,5.2,5.0,83.0,2.0,5.0,0.0,0.0,95.0,0,Daniel Wright,Los Angeles Angels,R,26,29,22,141.0,99,36,19,152,77,72,611,16.2%,5.9%,0.29600000000000004,4.6,4.39,115,108,6.32,2.3,1.21,84,0.4
Jordan Zimmermann,zimmejo02,30.0,DET,105.1,19.0,18.0,9.0,7.0,2.0,4.0,2.0,10.0,8.0,0.556,0.0,1.0,0.0,0.0,8.0,44%,46.9,75.0,17.0,12.0,2.0,0.0,11.0,5.3,4.9,5.7,93.0,3.0,4.0,11.0,0.0,109.0,11,Jordan Zimmermann,Detroit Tigers,R,31,25,25,143.3,107,31,19,154,71,66,615,17.4%,5.0%,0.298,4.14,4.07,97,96,6.72,1.95,1.19,100,2.1
Chad Bell,bellch02,,,,,,,,,,,,,,,,,,,,,,,,,,,,,,,,,,,,0,Chad Bell,Detroit Tigers,L,28,27,16,98.0,72,46,13,107,60,56,447,16.1%,10.3%,0.303,5.14,4.86,121,114,6.61,4.22,1.19,81,0.2
Luis Castillo,castilu02,,,,,,,,,,,,,,,,,,,,,,,,,,,,,,,,,,,,8,Luis Castillo,Miami Marlins,R,24,31,22,117.7,81,38,15,122,64,60,513,15.8%,7.4%,0.28800000000000003,4.59,4.61,112,114,6.19,2.91,1.15,86,0.6
Luis Castillo,castilu02,,,,,,,,,,,,,,,,,,,,,,,,,,,,,,,,,,,,8,Luis Castillo,Cincinnati Reds,R,24,29,21,112.3,85,37,17,115,62,58,489,17.4%,7.6%,0.28600000000000003,4.65,4.82,110,112,6.81,2.96,1.36,86,0.5
Rookie Davis,davisro03,,,,,,,,,,,,,,,,,,,,,,,,,,,,,,,,,,,,0,Rookie Davis,Cincinnati Reds,R,24,25,24,123.3,86,41,22,137,77,72,548,15.7%,7.5%,0.293,5.25,5.25,125,122,6.28,2.99,1.61,76,-0.3
Chase De Jong,dejonch01,,,,,,,,,,,,,,,,,,,,,,,,,,,,,,,,,,,,1,Chase De Jong,Los Angeles Dodgers,R,23,25,25,132.3,116,44,21,131,73,68,572,20.3%,7.7%,0.287,4.62,4.65,117,114,7.89,2.99,1.43,82,0.3
Marco Gonzales,gonzama02,,,,,,,,,,,,,,,,,,,,,,,,,,,,,,,,,,,,0,Marco Gonzales,Louis Cardinals,L,25,16,16,82.3,61,29,12,89,47,44,365,16.7%,7.9%,0.29600000000000004,4.81,4.73,118,115,6.67,3.17,1.31,82,0.3
Matt Grace,gracema02,,,,,,,,,,,,,,,,,,,,,,,,,,,,,,,,,,,,0,Matt Grace,Washington Nationals,L,28,51,0,61.0,43,19,5,62,28,26,264,16.3%,7.2%,0.294,3.84,3.83,92,93,6.34,2.8,0.74,105,0.3
Brian Johnson,johnsbr02,,,,,,,,,,,,,,,,,,,,,,,,,,,,,,,,,,,,2,Brian Johnson,Boston Red Sox,L,26,20,20,98.0,79,45,13,104,55,51,443,17.8%,10.2%,0.302,4.68,4.75,106,114,7.26,4.13,1.19,90,0.8
Deck McGuire,mcguide02,,,,,,,,,,,,,,,,,,,,,,,,,,,,,,,,,,,,0,Deck McGuire,Louis Cardinals,R,28,26,23,127.7,95,48,22,136,80,75,567,16.8%,8.5%,0.289,5.29,5.14,129,124,6.7,3.38,1.55,75,-0.4
Andrew Moore,moorean02,,,,,,,,,,,,,,,,,,,,,,,,,,,,,,,,,,,,4,Andrew Moore,Seattle Mariners,R,23,28,28,149.3,106,35,23,165,86,80,648,16.4%,5.4%,0.298,4.82,4.55,119,110,6.39,2.11,1.39,79,0.2
Chris Smith,smithch08,,,,,,,,,,,,,,,,,,,,,,,,,,,,,,,,,,,,3,Chris Smith,Oakland Athletics,R,36,23,16,101.3,85,40,14,102,56,52,446,19.1%,9.0%,0.29,4.62,4.5,114,109,7.55,3.55,1.24,86,0.6
Chris Smith,smithch08,,,,,,,,,,,,,,,,,,,,,,,,,,,,,,,,,,,,3,Chris Smith,Toronto Blue Jays,R,28,40,0,53.7,56,20,8,52,29,27,233,24.0%,8.6%,0.301,4.53,4.24,106,100,9.39,3.35,1.34,91,-0.1
